{
  "timestamp": "2025-10-03T17:40:47.689276",
  "datasets_analyzed": [
    {
      "dataset": "WESAD",
      "shape": [
        10000,
        14
      ],
      "timestamp": "2025-10-03T17:41:28.913002"
    },
    {
      "dataset": "MMASH",
      "shape": [
        100000000,
        17
      ],
      "timestamp": "2025-10-03T17:42:51.380311"
    },
    {
      "dataset": "CRWD",
      "shape": [
        10000,
        23
      ],
      "timestamp": "2025-10-03T17:43:45.378378"
    }
  ],
  "results": {
    "WESAD": {
      "dataset": "WESAD",
      "data_shape": [
        10000,
        14
      ],
      "feature_modalities": [
        "HRV",
        "HR",
        "Stress",
        "Recovery",
        "Time"
      ],
      "single_modal_results": {},
      "multimodal_results": {},
      "timestamp": "2025-10-03T17:41:28.913002"
    },
    "MMASH": {
      "dataset": "MMASH",
      "data_shape": [
        100000000,
        17
      ],
      "feature_modalities": [
        "Time"
      ],
      "single_modal_results": {},
      "multimodal_results": {},
      "timestamp": "2025-10-03T17:42:51.380311"
    },
    "CRWD": {
      "dataset": "CRWD",
      "data_shape": [
        10000,
        23
      ],
      "feature_modalities": [
        "HRV",
        "HR",
        "Stress",
        "Recovery",
        "Time"
      ],
      "single_modal_results": {},
      "multimodal_results": {},
      "timestamp": "2025-10-03T17:43:45.378378"
    }
  }
}