{
  "timestamp": "2025-10-01T18:47:07.641087",
  "phase_a": {
    "window_7d": {
      "weights": {
        "hrv_ma": 0.6261720783452621,
        "hrv_std": 0.022675212617752467,
        "hrv_rmssd": -0.07182748736723096,
        "intercept": 0.003534312198914029,
        "alpha": 0.9768434119870781,
        "lambda": 7.531968034929557
      },
      "r2": 0.2703649522259389,
      "rmse": 1.0117681835675423,
      "n_samples": 100000
    },
    "window_14d": {
      "weights": {
        "hrv_ma": 0.6261720783452621,
        "hrv_std": 0.022675212617752467,
        "hrv_rmssd": -0.07182748736723096,
        "intercept": 0.003534312198914029,
        "alpha": 0.9768434119870781,
        "lambda": 7.531968034929557
      },
      "r2": 0.2703649522259389,
      "rmse": 1.0117681835675423,
      "n_samples": 100000
    },
    "window_21d": {
      "weights": {
        "hrv_ma": 0.6261720783452621,
        "hrv_std": 0.022675212617752467,
        "hrv_rmssd": -0.07182748736723096,
        "intercept": 0.003534312198914029,
        "alpha": 0.9768434119870781,
        "lambda": 7.531968034929557
      },
      "r2": 0.2703649522259389,
      "rmse": 1.0117681835675423,
      "n_samples": 100000
    },
    "window_30d": {
      "weights": {
        "hrv_ma": 0.6261720783452621,
        "hrv_std": 0.022675212617752467,
        "hrv_rmssd": -0.07182748736723096,
        "intercept": 0.003534312198914029,
        "alpha": 0.9768434119870781,
        "lambda": 7.531968034929557
      },
      "r2": 0.2703649522259389,
      "rmse": 1.0117681835675423,
      "n_samples": 100000
    }
  },
  "phase_b": {
    "lstm": {
      "val_r2": 0.6945,
      "val_rmse": 0.4433
    },
    "transformer": {
      "val_r2": 0.6863230044611173,
      "val_rmse": 0.4491657441048906,
      "epochs": 56,
      "training_time_min": 14.794777301947276
    }
  },
  "summary": {
    "total_phases": 3,
    "completed_phases": 3,
    "best_model": "LSTM"
  }
}