{
  "datasets": [
    "DRIVE_DB"
  ],
  "window_sizes": [
    "60s"
  ],
  "analysis_results": {
    "DRIVE_DB": {
      "60s": {
        "feature_importance": {
          "dataset": "DRIVE_DB",
          "window_size": "60s",
          "baseline_r2": 0.8198890165650337,
          "feature_columns": [
            "wt_mean",
            "wt_std",
            "stress_release_efficiency",
            "stress_intensity",
            "stress_volatility",
            "recovery_pattern_score.1"
          ],
          "single_feature_importance": {
            "wt_mean": {
              "r2_without_feature": 0.8910839554183422,
              "r2_drop": -0.07119493885330852,
              "relative_importance": -0.08683484888184416
            },
            "wt_std": {
              "r2_without_feature": 0.919539227334112,
              "r2_drop": -0.09965021076907832,
              "relative_importance": -0.12154109733847625
            },
            "stress_release_efficiency": {
              "r2_without_feature": 0.835415004023755,
              "r2_drop": -0.015525987458721358,
              "relative_importance": -0.018936694046431144
            },
            "stress_intensity": {
              "r2_without_feature": 0.8763781827216183,
              "r2_drop": -0.056489166156584614,
              "relative_importance": -0.06889855213971377
            },
            "stress_volatility": {
              "r2_without_feature": 0.9371215329408883,
              "r2_drop": -0.11723251637585463,
              "relative_importance": -0.14298583589643166
            },
            "recovery_pattern_score.1": {
              "r2_without_feature": 0.6445584810058761,
              "r2_drop": 0.17533053555915756,
              "relative_importance": 0.21384666950865336
            }
          },
          "combination_importance": {
            "wt_mean+wt_std": {
              "r2_without_pair": 0.8824571921320459,
              "r2_drop": -0.06256817556701222,
              "individual_drops": [
                -0.07119493885330852,
                -0.09965021076907832
              ],
              "interaction_effect": 0.10827697405537462
            },
            "wt_mean+stress_release_efficiency": {
              "r2_without_pair": 0.9026961476823732,
              "r2_drop": -0.0828071311173395,
              "individual_drops": [
                -0.07119493885330852,
                -0.015525987458721358
              ],
              "interaction_effect": 0.003913795194690373
            },
            "wt_mean+stress_intensity": {
              "r2_without_pair": 0.939706156282659,
              "r2_drop": -0.11981713971762531,
              "individual_drops": [
                -0.07119493885330852,
                -0.056489166156584614
              ],
              "interaction_effect": 0.007866965292267825
            },
            "wt_mean+stress_volatility": {
              "r2_without_pair": 0.9637718293079578,
              "r2_drop": -0.14388281274292414,
              "individual_drops": [
                -0.07119493885330852,
                -0.11723251637585463
              ],
              "interaction_effect": 0.04454464248623902
            },
            "wt_mean+recovery_pattern_score.1": {
              "r2_without_pair": 0.6722664699153301,
              "r2_drop": 0.14762254664970353,
              "individual_drops": [
                -0.07119493885330852,
                0.17533053555915756
              ],
              "interaction_effect": 0.04348694994385449
            },
            "wt_std+stress_release_efficiency": {
              "r2_without_pair": 0.9270415186162319,
              "r2_drop": -0.1071525020511982,
              "individual_drops": [
                -0.09965021076907832,
                -0.015525987458721358
              ],
              "interaction_effect": 0.00802369617660148
            },
            "wt_std+stress_intensity": {
              "r2_without_pair": 0.9577314792422189,
              "r2_drop": -0.13784246267718525,
              "individual_drops": [
                -0.09965021076907832,
                -0.056489166156584614
              ],
              "interaction_effect": 0.01829691424847768
            },
            "wt_std+stress_volatility": {
              "r2_without_pair": 0.9059255088199554,
              "r2_drop": -0.08603649225492171,
              "individual_drops": [
                -0.09965021076907832,
                -0.11723251637585463
              ],
              "interaction_effect": 0.13084623489001124
            },
            "wt_std+recovery_pattern_score.1": {
              "r2_without_pair": 0.6549100756604895,
              "r2_drop": 0.16497894090454412,
              "individual_drops": [
                -0.09965021076907832,
                0.17533053555915756
              ],
              "interaction_effect": 0.08929861611446488
            },
            "stress_release_efficiency+stress_intensity": {
              "r2_without_pair": 0.8602198348730873,
              "r2_drop": -0.04033081830805363,
              "individual_drops": [
                -0.015525987458721358,
                -0.056489166156584614
              ],
              "interaction_effect": 0.03168433530725234
            },
            "stress_release_efficiency+stress_volatility": {
              "r2_without_pair": 0.9003744290692673,
              "r2_drop": -0.08048541250423369,
              "individual_drops": [
                -0.015525987458721358,
                -0.11723251637585463
              ],
              "interaction_effect": 0.0522730913303423
            },
            "stress_release_efficiency+recovery_pattern_score.1": {
              "r2_without_pair": 0.5301699397508006,
              "r2_drop": 0.28971907681423303,
              "individual_drops": [
                -0.015525987458721358,
                0.17533053555915756
              ],
              "interaction_effect": 0.12991452871379683
            },
            "stress_intensity+stress_volatility": {
              "r2_without_pair": 0.8246070044680001,
              "r2_drop": -0.004717987902966403,
              "individual_drops": [
                -0.056489166156584614,
                -0.11723251637585463
              ],
              "interaction_effect": 0.16900369462947284
            },
            "stress_intensity+recovery_pattern_score.1": {
              "r2_without_pair": 0.6701240117432575,
              "r2_drop": 0.14976500482177613,
              "individual_drops": [
                -0.056489166156584614,
                0.17533053555915756
              ],
              "interaction_effect": 0.030923635419203177
            },
            "stress_volatility+recovery_pattern_score.1": {
              "r2_without_pair": 0.6739242950320767,
              "r2_drop": 0.14596472153295692,
              "individual_drops": [
                -0.11723251637585463,
                0.17533053555915756
              ],
              "interaction_effect": 0.08786670234965399
            }
          },
          "feature_ranking": [
            "recovery_pattern_score.1",
            "stress_release_efficiency",
            "stress_intensity",
            "wt_mean",
            "wt_std",
            "stress_volatility"
          ],
          "target_variable": "recovery_pattern_score"
        },
        "data_quality_sensitivity": {
          "dataset": "DRIVE_DB",
          "window_size": "60s",
          "baseline_r2": 0.9565253641989587,
          "quality_results": {
            "outlier_sensitivity": {
              "1.5": {
                "mean_r2": 0.8714429870632708,
                "std_r2": 0.050236084579636554,
                "r2_change": -0.08508237713568789,
                "r2_scores": [
                  0.7907774261551785,
                  0.8572831284490505,
                  0.9223941515622184,
                  0.9276758166828245,
                  0.8590844124670818
                ]
              },
              "2.0": {
                "mean_r2": 0.8456609931511305,
                "std_r2": 0.07204606460669966,
                "r2_change": -0.1108643710478282,
                "r2_scores": [
                  0.8870967718561765,
                  0.8889454589356587,
                  0.8969416528164871,
                  0.7052558472678603,
                  0.8500652348794699
                ]
              },
              "2.5": {
                "mean_r2": 0.7588459790448459,
                "std_r2": 0.10067434960419844,
                "r2_change": -0.19767938515411287,
                "r2_scores": [
                  0.8419226032350317,
                  0.6235691290614948,
                  0.8839994148045459,
                  0.662575545750379,
                  0.7821632023727779
                ]
              },
              "3.0": {
                "mean_r2": 0.8154214883140467,
                "std_r2": 0.0762938018174586,
                "r2_change": -0.14110387588491202,
                "r2_scores": [
                  0.9262669994622961,
                  0.7521880236647658,
                  0.8634844891852081,
                  0.7131247450782017,
                  0.8220431841797619
                ]
              }
            },
            "completeness_sensitivity": {
              "0.95": {
                "mean_r2": 0.8834326463329745,
                "std_r2": 0.04979210093955163,
                "r2_change": -0.07309271786598426,
                "r2_scores": [
                  0.8153503671404925,
                  0.8869379544521316,
                  0.912951244150804,
                  0.8450025161759915,
                  0.9569211497454524
                ]
              },
              "0.9": {
                "mean_r2": 0.8574064320546382,
                "std_r2": 0.05880883435939356,
                "r2_change": -0.09911893214432055,
                "r2_scores": [
                  0.7747873313824767,
                  0.9365108396599895,
                  0.902748647322711,
                  0.8617739347962069,
                  0.8112114071118074
                ]
              },
              "0.85": {
                "mean_r2": 0.8345140771438306,
                "std_r2": 0.06480114554099912,
                "r2_change": -0.12201128705512809,
                "r2_scores": [
                  0.8327976907139907,
                  0.944069604256287,
                  0.8080478917379157,
                  0.8437242172199686,
                  0.7439309817909907
                ]
              },
              "0.8": {
                "mean_r2": 0.8135835756581542,
                "std_r2": 0.11345386031048042,
                "r2_change": -0.14294178854080453,
                "r2_scores": [
                  0.8670586315435783,
                  0.876681823931944,
                  0.6011345199713671,
                  0.7991225714965613,
                  0.9239203313473207
                ]
              }
            },
            "distribution_sensitivity": {
              "split_ratio_sensitivity": {
                "0.7": {
                  "mean_r2": 0.8717322959541832,
                  "std_r2": 0.028826906341775996,
                  "r2_scores": [
                    0.8246259563095839,
                    0.8946077752912744,
                    0.8896163819255907,
                    0.8980646614384739,
                    0.8517467048059926
                  ]
                },
                "0.8": {
                  "mean_r2": 0.8771573049745236,
                  "std_r2": 0.0626027246137536,
                  "r2_scores": [
                    0.9070038566859511,
                    0.9411141871992265,
                    0.8913870176735574,
                    0.7576573707821534,
                    0.8886240925317291
                  ]
                },
                "0.9": {
                  "mean_r2": 0.9189738472767038,
                  "std_r2": 0.008908096375172507,
                  "r2_scores": [
                    0.9162559047952805,
                    0.9239405799713032,
                    0.9095340593626079,
                    0.9113945879569739,
                    0.9337441042973537
                  ]
                }
              }
            }
          },
          "target_variable": "recovery_pattern_score"
        }
      }
    }
  },
  "analysis_timestamp": "2025-10-05T21:23:44.407072",
  "n_trials": 5
}