{
  "datasets": [
    "DRIVE_DB"
  ],
  "window_sizes": [
    "60s"
  ],
  "analysis_results": {
    "DRIVE_DB": {
      "60s": {
        "noise_robustness": {
          "dataset": "DRIVE_DB",
          "window_size": "60s",
          "baseline_r2": 0.8983923640544511,
          "noise_results": {
            "0.01": {
              "mean_r2": 0.8367888787583521,
              "std_r2": 0.10375976446258174,
              "mean_mse": 0.0020232271637246483,
              "std_mse": 0.0012862455227640286,
              "r2_drop": 0.06160348529609905,
              "r2_scores": [
                0.914139489972108,
                0.6312748895970116,
                0.8724041442241826,
                0.8885539783579082,
                0.8775718916405494
              ],
              "mse_scores": [
                0.0010643595537983168,
                0.004570856775195836,
                0.001581726780751081,
                0.0013815272915225052,
                0.0015176654173555014
              ]
            },
            "0.05": {
              "mean_r2": 0.8214398617584406,
              "std_r2": 0.025685945643868228,
              "mean_mse": 0.0022134994190369135,
              "std_mse": 0.0003184127561729396,
              "r2_drop": 0.07695250229601047,
              "r2_scores": [
                0.8548160264542215,
                0.8248890889373282,
                0.8237605012209905,
                0.8283374168045415,
                0.7753962753751216
              ],
              "mse_scores": [
                0.001799755781227631,
                0.0021707414864334715,
                0.0021847318892134365,
                0.002127994702039747,
                0.0027842732362702814
              ]
            },
            "0.1": {
              "mean_r2": 0.7654054615312738,
              "std_r2": 0.03984839822650185,
              "mean_mse": 0.0029081231663657995,
              "std_mse": 0.0004939759074591941,
              "r2_drop": 0.13298690252317735,
              "r2_scores": [
                0.7083247889099619,
                0.771799570358072,
                0.825378995449376,
                0.7831275494985243,
                0.7383964034404344
              ],
              "mse_scores": [
                0.0036157169044182653,
                0.002828859360273591,
                0.0021646684188917496,
                0.0026884334203455427,
                0.0032429377278998498
              ]
            },
            "0.2": {
              "mean_r2": 0.696024027970522,
              "std_r2": 0.021663694687190947,
              "mean_mse": 0.003768201817687811,
              "std_mse": 0.00026855140277400047,
              "r2_drop": 0.20236833608392912,
              "r2_scores": [
                0.6565133270505942,
                0.7014901043117407,
                0.6916946254994342,
                0.7146733808305106,
                0.7157487021603302
              ],
              "mse_scores": [
                0.004257991500834718,
                0.0037004422554201607,
                0.003821870738136145,
                0.0035370173432159413,
                0.0035236872508320888
              ]
            },
            "0.3": {
              "mean_r2": 0.5514007581204721,
              "std_r2": 0.06816965670683978,
              "mean_mse": 0.005561006902545191,
              "std_mse": 0.0008450570043376889,
              "r2_drop": 0.34699160593397904,
              "r2_scores": [
                0.5650609990621803,
                0.5806347861089598,
                0.5906489967543429,
                0.6032815346882567,
                0.41737747398862035
              ],
              "mse_scores": [
                0.00539166935786055,
                0.005198610767518198,
                0.005074470801767939,
                0.0049178730546276875,
                0.007222410530951579
              ]
            }
          },
          "target_variable": "recovery_pattern_score"
        },
        "data_perturbation": {
          "dataset": "DRIVE_DB",
          "window_size": "60s",
          "baseline_r2": 0.7848502093384347,
          "perturbation_results": {
            "feature_dropout": {
              "0.1": {
                "mean_r2": 0.8574011938563608,
                "std_r2": 0.042425153424016995,
                "r2_drop": -0.07255098451792608
              },
              "0.2": {
                "mean_r2": 0.8075380726536281,
                "std_r2": 0.12871766914015276,
                "r2_drop": -0.022687863315193346
              },
              "0.3": {
                "mean_r2": 0.8454474960189448,
                "std_r2": 0.10479694502085306,
                "r2_drop": -0.06059728668051001
              },
              "0.5": {
                "mean_r2": 0.6984448877996654,
                "std_r2": 0.19019249259098198,
                "r2_drop": 0.08640532153876934
              }
            },
            "data_sampling": {
              "0.8": {
                "mean_r2": 0.8530354059590952,
                "std_r2": 0.04177956552754116,
                "r2_drop": -0.06818519662066047
              },
              "0.6": {
                "mean_r2": 0.8651248636446617,
                "std_r2": 0.03464481162147418,
                "r2_drop": -0.08027465430622693
              },
              "0.4": {
                "mean_r2": 0.8611498067926316,
                "std_r2": 0.07900272543725148,
                "r2_drop": -0.0762995974541969
              },
              "0.2": {
                "mean_r2": 0.8603433990317889,
                "std_r2": 0.0543414064120134,
                "r2_drop": -0.07549318969335417
              }
            }
          },
          "target_variable": "recovery_pattern_score"
        },
        "hyperparameter_sensitivity": {
          "dataset": "DRIVE_DB",
          "window_size": "60s",
          "baseline_r2": 0.8882627193193884,
          "baseline_config": {
            "hidden_sizes": [
              64,
              32,
              16
            ],
            "dropout_rate": 0.2,
            "learning_rate": 0.001,
            "epochs": 50
          },
          "sensitivity_results": {
            "learning_rate": {
              "0.0001": {
                "r2": 0.08455559546608282,
                "mse": 0.011348197181921732,
                "r2_drop": 0.8037071238533056
              },
              "0.0005": {
                "r2": 0.5123925797647242,
                "mse": 0.006044567124767507,
                "r2_drop": 0.3758701395546642
              },
              "0.001": {
                "r2": 0.7608632524198293,
                "mse": 0.0029644301189048084,
                "r2_drop": 0.12739946689955906
              },
              "0.005": {
                "r2": 0.9864305531220167,
                "mse": 0.00016821202692190564,
                "r2_drop": -0.09816783380262828
              },
              "0.01": {
                "r2": 0.992721994905221,
                "mse": 9.022092056877458e-05,
                "r2_drop": -0.10445927558583257
              }
            },
            "dropout_rate": {
              "0.0": {
                "r2": 0.9254959995926564,
                "mse": 0.0009235799391826285,
                "r2_drop": -0.037233280273268
              },
              "0.1": {
                "r2": 0.805942302473375,
                "mse": 0.002405613061039005,
                "r2_drop": 0.08232041684601343
              },
              "0.2": {
                "r2": 0.8979220981910784,
                "mse": 0.0012653965133297934,
                "r2_drop": -0.009659378871689994
              },
              "0.3": {
                "r2": 0.9423444031312421,
                "mse": 0.0007147207177929855,
                "r2_drop": -0.05408168381185374
              },
              "0.5": {
                "r2": 0.7808907256216222,
                "mse": 0.0027161619402759673,
                "r2_drop": 0.10737199369776618
              }
            },
            "architecture": {
              "arch_0": {
                "hidden_sizes": [
                  32,
                  16
                ],
                "r2": 0.6322554563815385,
                "mse": 0.004558701296211266,
                "r2_drop": 0.2560072629378499
              },
              "arch_1": {
                "hidden_sizes": [
                  64,
                  32,
                  16
                ],
                "r2": 0.8826634044261794,
                "mse": 0.0014545490874512048,
                "r2_drop": 0.005599314893208973
              },
              "arch_2": {
                "hidden_sizes": [
                  128,
                  64,
                  32
                ],
                "r2": 0.978151238957069,
                "mse": 0.0002708455557408839,
                "r2_drop": -0.08988851963768063
              },
              "arch_3": {
                "hidden_sizes": [
                  64,
                  64,
                  32,
                  16
                ],
                "r2": 0.8754279314519993,
                "mse": 0.0015442427636687861,
                "r2_drop": 0.01283478786738912
              }
            }
          },
          "target_variable": "recovery_pattern_score"
        }
      }
    }
  },
  "analysis_timestamp": "2025-10-05T21:15:33.179497",
  "n_trials": 5
}