{
  "dataset": "DRIVE_DB",
  "window_size": "60s",
  "target_variable": "recovery_pattern_score",
  "baseline_performance": {
    "r2": 0.6507828832261405,
    "mse": 0.004329028263021205,
    "mae": 0.05115934210298472
  },
  "intervention_results": {
    "stress_reduction": {
      "strategy_info": {
        "name": "\u538b\u529b\u964d\u4f4e\u5e72\u9884",
        "description": "\u901a\u8fc7\u964d\u4f4e\u538b\u529b\u5f3a\u5ea6\u6765\u6539\u5584\u6062\u590d\u6a21\u5f0f",
        "target_features": [
          "stress_intensity",
          "stress_volatility"
        ],
        "intervention_type": "multiplicative",
        "parameters": {
          "intensity_reduction": [
            0.1,
            0.2,
            0.3,
            0.4,
            0.5
          ],
          "volatility_reduction": [
            0.1,
            0.2,
            0.3,
            0.4,
            0.5
          ]
        }
      },
      "parameter_results": {
        "{'intensity_reduction': 0.1, 'volatility_reduction': 0.1}": {
          "intervention_result": {
            "intervened_features": "[[0.04785826 0.07785079 0.27515257 0.04785826 0.07785079 0.47457627]\n [0.37981908 0.46134477 0.7776635  0.37981908 0.46134477 0.61016949]\n [0.19026274 0.30710157 0.84898487 0.19026274 0.30710157 0.57627119]\n ...\n [0.81772535 0.87942209 0.94735588 0.81772535 0.87942209 0.6440678 ]\n [0.00662096 0.00907874 1.         0.00662096 0.00907874 0.37288136]\n [0.01076061 0.00964902 1.         0.01076061 0.00964902 0.47457627]]",
            "predicted_outcome": "[0.58007175 0.5899251  0.5557364  ... 0.64806503 0.40994897 0.4419987 ]",
            "intervention_params": {
              "intensity_reduction": 0.1,
              "volatility_reduction": 0.1
            }
          },
          "effectiveness": {
            "mean_improvement": "0.0",
            "std_improvement": "0.0",
            "median_improvement": "0.0",
            "improvement_rate": 0.0,
            "significant_improvement_rate": 0.0,
            "max_improvement": "0.0",
            "min_improvement": "0.0",
            "improvement_distribution": {
              "positive": "0",
              "neutral": "4421",
              "negative": "0"
            }
          }
        },
        "{'intensity_reduction': 0.1, 'volatility_reduction': 0.2}": {
          "intervention_result": {
            "intervened_features": "[[0.04785826 0.07785079 0.27515257 0.04785826 0.07785079 0.47457627]\n [0.37981908 0.46134477 0.7776635  0.37981908 0.46134477 0.61016949]\n [0.19026274 0.30710157 0.84898487 0.19026274 0.30710157 0.57627119]\n ...\n [0.81772535 0.87942209 0.94735588 0.81772535 0.87942209 0.6440678 ]\n [0.00662096 0.00907874 1.         0.00662096 0.00907874 0.37288136]\n [0.01076061 0.00964902 1.         0.01076061 0.00964902 0.47457627]]",
            "predicted_outcome": "[0.58007175 0.5899251  0.5557364  ... 0.64806503 0.40994897 0.4419987 ]",
            "intervention_params": {
              "intensity_reduction": 0.1,
              "volatility_reduction": 0.2
            }
          },
          "effectiveness": {
            "mean_improvement": "0.0",
            "std_improvement": "0.0",
            "median_improvement": "0.0",
            "improvement_rate": 0.0,
            "significant_improvement_rate": 0.0,
            "max_improvement": "0.0",
            "min_improvement": "0.0",
            "improvement_distribution": {
              "positive": "0",
              "neutral": "4421",
              "negative": "0"
            }
          }
        },
        "{'intensity_reduction': 0.1, 'volatility_reduction': 0.3}": {
          "intervention_result": {
            "intervened_features": "[[0.04785826 0.07785079 0.27515257 0.04785826 0.07785079 0.47457627]\n [0.37981908 0.46134477 0.7776635  0.37981908 0.46134477 0.61016949]\n [0.19026274 0.30710157 0.84898487 0.19026274 0.30710157 0.57627119]\n ...\n [0.81772535 0.87942209 0.94735588 0.81772535 0.87942209 0.6440678 ]\n [0.00662096 0.00907874 1.         0.00662096 0.00907874 0.37288136]\n [0.01076061 0.00964902 1.         0.01076061 0.00964902 0.47457627]]",
            "predicted_outcome": "[0.58007175 0.5899251  0.5557364  ... 0.64806503 0.40994897 0.4419987 ]",
            "intervention_params": {
              "intensity_reduction": 0.1,
              "volatility_reduction": 0.3
            }
          },
          "effectiveness": {
            "mean_improvement": "0.0",
            "std_improvement": "0.0",
            "median_improvement": "0.0",
            "improvement_rate": 0.0,
            "significant_improvement_rate": 0.0,
            "max_improvement": "0.0",
            "min_improvement": "0.0",
            "improvement_distribution": {
              "positive": "0",
              "neutral": "4421",
              "negative": "0"
            }
          }
        },
        "{'intensity_reduction': 0.1, 'volatility_reduction': 0.4}": {
          "intervention_result": {
            "intervened_features": "[[0.04785826 0.07785079 0.27515257 0.04785826 0.07785079 0.47457627]\n [0.37981908 0.46134477 0.7776635  0.37981908 0.46134477 0.61016949]\n [0.19026274 0.30710157 0.84898487 0.19026274 0.30710157 0.57627119]\n ...\n [0.81772535 0.87942209 0.94735588 0.81772535 0.87942209 0.6440678 ]\n [0.00662096 0.00907874 1.         0.00662096 0.00907874 0.37288136]\n [0.01076061 0.00964902 1.         0.01076061 0.00964902 0.47457627]]",
            "predicted_outcome": "[0.58007175 0.5899251  0.5557364  ... 0.64806503 0.40994897 0.4419987 ]",
            "intervention_params": {
              "intensity_reduction": 0.1,
              "volatility_reduction": 0.4
            }
          },
          "effectiveness": {
            "mean_improvement": "0.0",
            "std_improvement": "0.0",
            "median_improvement": "0.0",
            "improvement_rate": 0.0,
            "significant_improvement_rate": 0.0,
            "max_improvement": "0.0",
            "min_improvement": "0.0",
            "improvement_distribution": {
              "positive": "0",
              "neutral": "4421",
              "negative": "0"
            }
          }
        },
        "{'intensity_reduction': 0.1, 'volatility_reduction': 0.5}": {
          "intervention_result": {
            "intervened_features": "[[0.04785826 0.07785079 0.27515257 0.04785826 0.07785079 0.47457627]\n [0.37981908 0.46134477 0.7776635  0.37981908 0.46134477 0.61016949]\n [0.19026274 0.30710157 0.84898487 0.19026274 0.30710157 0.57627119]\n ...\n [0.81772535 0.87942209 0.94735588 0.81772535 0.87942209 0.6440678 ]\n [0.00662096 0.00907874 1.         0.00662096 0.00907874 0.37288136]\n [0.01076061 0.00964902 1.         0.01076061 0.00964902 0.47457627]]",
            "predicted_outcome": "[0.58007175 0.5899251  0.5557364  ... 0.64806503 0.40994897 0.4419987 ]",
            "intervention_params": {
              "intensity_reduction": 0.1,
              "volatility_reduction": 0.5
            }
          },
          "effectiveness": {
            "mean_improvement": "0.0",
            "std_improvement": "0.0",
            "median_improvement": "0.0",
            "improvement_rate": 0.0,
            "significant_improvement_rate": 0.0,
            "max_improvement": "0.0",
            "min_improvement": "0.0",
            "improvement_distribution": {
              "positive": "0",
              "neutral": "4421",
              "negative": "0"
            }
          }
        },
        "{'intensity_reduction': 0.2, 'volatility_reduction': 0.1}": {
          "intervention_result": {
            "intervened_features": "[[0.04785826 0.07785079 0.27515257 0.04785826 0.07785079 0.47457627]\n [0.37981908 0.46134477 0.7776635  0.37981908 0.46134477 0.61016949]\n [0.19026274 0.30710157 0.84898487 0.19026274 0.30710157 0.57627119]\n ...\n [0.81772535 0.87942209 0.94735588 0.81772535 0.87942209 0.6440678 ]\n [0.00662096 0.00907874 1.         0.00662096 0.00907874 0.37288136]\n [0.01076061 0.00964902 1.         0.01076061 0.00964902 0.47457627]]",
            "predicted_outcome": "[0.58007175 0.5899251  0.5557364  ... 0.64806503 0.40994897 0.4419987 ]",
            "intervention_params": {
              "intensity_reduction": 0.2,
              "volatility_reduction": 0.1
            }
          },
          "effectiveness": {
            "mean_improvement": "0.0",
            "std_improvement": "0.0",
            "median_improvement": "0.0",
            "improvement_rate": 0.0,
            "significant_improvement_rate": 0.0,
            "max_improvement": "0.0",
            "min_improvement": "0.0",
            "improvement_distribution": {
              "positive": "0",
              "neutral": "4421",
              "negative": "0"
            }
          }
        },
        "{'intensity_reduction': 0.2, 'volatility_reduction': 0.2}": {
          "intervention_result": {
            "intervened_features": "[[0.04785826 0.07785079 0.27515257 0.04785826 0.07785079 0.47457627]\n [0.37981908 0.46134477 0.7776635  0.37981908 0.46134477 0.61016949]\n [0.19026274 0.30710157 0.84898487 0.19026274 0.30710157 0.57627119]\n ...\n [0.81772535 0.87942209 0.94735588 0.81772535 0.87942209 0.6440678 ]\n [0.00662096 0.00907874 1.         0.00662096 0.00907874 0.37288136]\n [0.01076061 0.00964902 1.         0.01076061 0.00964902 0.47457627]]",
            "predicted_outcome": "[0.58007175 0.5899251  0.5557364  ... 0.64806503 0.40994897 0.4419987 ]",
            "intervention_params": {
              "intensity_reduction": 0.2,
              "volatility_reduction": 0.2
            }
          },
          "effectiveness": {
            "mean_improvement": "0.0",
            "std_improvement": "0.0",
            "median_improvement": "0.0",
            "improvement_rate": 0.0,
            "significant_improvement_rate": 0.0,
            "max_improvement": "0.0",
            "min_improvement": "0.0",
            "improvement_distribution": {
              "positive": "0",
              "neutral": "4421",
              "negative": "0"
            }
          }
        },
        "{'intensity_reduction': 0.2, 'volatility_reduction': 0.3}": {
          "intervention_result": {
            "intervened_features": "[[0.04785826 0.07785079 0.27515257 0.04785826 0.07785079 0.47457627]\n [0.37981908 0.46134477 0.7776635  0.37981908 0.46134477 0.61016949]\n [0.19026274 0.30710157 0.84898487 0.19026274 0.30710157 0.57627119]\n ...\n [0.81772535 0.87942209 0.94735588 0.81772535 0.87942209 0.6440678 ]\n [0.00662096 0.00907874 1.         0.00662096 0.00907874 0.37288136]\n [0.01076061 0.00964902 1.         0.01076061 0.00964902 0.47457627]]",
            "predicted_outcome": "[0.58007175 0.5899251  0.5557364  ... 0.64806503 0.40994897 0.4419987 ]",
            "intervention_params": {
              "intensity_reduction": 0.2,
              "volatility_reduction": 0.3
            }
          },
          "effectiveness": {
            "mean_improvement": "0.0",
            "std_improvement": "0.0",
            "median_improvement": "0.0",
            "improvement_rate": 0.0,
            "significant_improvement_rate": 0.0,
            "max_improvement": "0.0",
            "min_improvement": "0.0",
            "improvement_distribution": {
              "positive": "0",
              "neutral": "4421",
              "negative": "0"
            }
          }
        },
        "{'intensity_reduction': 0.2, 'volatility_reduction': 0.4}": {
          "intervention_result": {
            "intervened_features": "[[0.04785826 0.07785079 0.27515257 0.04785826 0.07785079 0.47457627]\n [0.37981908 0.46134477 0.7776635  0.37981908 0.46134477 0.61016949]\n [0.19026274 0.30710157 0.84898487 0.19026274 0.30710157 0.57627119]\n ...\n [0.81772535 0.87942209 0.94735588 0.81772535 0.87942209 0.6440678 ]\n [0.00662096 0.00907874 1.         0.00662096 0.00907874 0.37288136]\n [0.01076061 0.00964902 1.         0.01076061 0.00964902 0.47457627]]",
            "predicted_outcome": "[0.58007175 0.5899251  0.5557364  ... 0.64806503 0.40994897 0.4419987 ]",
            "intervention_params": {
              "intensity_reduction": 0.2,
              "volatility_reduction": 0.4
            }
          },
          "effectiveness": {
            "mean_improvement": "0.0",
            "std_improvement": "0.0",
            "median_improvement": "0.0",
            "improvement_rate": 0.0,
            "significant_improvement_rate": 0.0,
            "max_improvement": "0.0",
            "min_improvement": "0.0",
            "improvement_distribution": {
              "positive": "0",
              "neutral": "4421",
              "negative": "0"
            }
          }
        },
        "{'intensity_reduction': 0.2, 'volatility_reduction': 0.5}": {
          "intervention_result": {
            "intervened_features": "[[0.04785826 0.07785079 0.27515257 0.04785826 0.07785079 0.47457627]\n [0.37981908 0.46134477 0.7776635  0.37981908 0.46134477 0.61016949]\n [0.19026274 0.30710157 0.84898487 0.19026274 0.30710157 0.57627119]\n ...\n [0.81772535 0.87942209 0.94735588 0.81772535 0.87942209 0.6440678 ]\n [0.00662096 0.00907874 1.         0.00662096 0.00907874 0.37288136]\n [0.01076061 0.00964902 1.         0.01076061 0.00964902 0.47457627]]",
            "predicted_outcome": "[0.58007175 0.5899251  0.5557364  ... 0.64806503 0.40994897 0.4419987 ]",
            "intervention_params": {
              "intensity_reduction": 0.2,
              "volatility_reduction": 0.5
            }
          },
          "effectiveness": {
            "mean_improvement": "0.0",
            "std_improvement": "0.0",
            "median_improvement": "0.0",
            "improvement_rate": 0.0,
            "significant_improvement_rate": 0.0,
            "max_improvement": "0.0",
            "min_improvement": "0.0",
            "improvement_distribution": {
              "positive": "0",
              "neutral": "4421",
              "negative": "0"
            }
          }
        },
        "{'intensity_reduction': 0.3, 'volatility_reduction': 0.1}": {
          "intervention_result": {
            "intervened_features": "[[0.04785826 0.07785079 0.27515257 0.04785826 0.07785079 0.47457627]\n [0.37981908 0.46134477 0.7776635  0.37981908 0.46134477 0.61016949]\n [0.19026274 0.30710157 0.84898487 0.19026274 0.30710157 0.57627119]\n ...\n [0.81772535 0.87942209 0.94735588 0.81772535 0.87942209 0.6440678 ]\n [0.00662096 0.00907874 1.         0.00662096 0.00907874 0.37288136]\n [0.01076061 0.00964902 1.         0.01076061 0.00964902 0.47457627]]",
            "predicted_outcome": "[0.58007175 0.5899251  0.5557364  ... 0.64806503 0.40994897 0.4419987 ]",
            "intervention_params": {
              "intensity_reduction": 0.3,
              "volatility_reduction": 0.1
            }
          },
          "effectiveness": {
            "mean_improvement": "0.0",
            "std_improvement": "0.0",
            "median_improvement": "0.0",
            "improvement_rate": 0.0,
            "significant_improvement_rate": 0.0,
            "max_improvement": "0.0",
            "min_improvement": "0.0",
            "improvement_distribution": {
              "positive": "0",
              "neutral": "4421",
              "negative": "0"
            }
          }
        },
        "{'intensity_reduction': 0.3, 'volatility_reduction': 0.2}": {
          "intervention_result": {
            "intervened_features": "[[0.04785826 0.07785079 0.27515257 0.04785826 0.07785079 0.47457627]\n [0.37981908 0.46134477 0.7776635  0.37981908 0.46134477 0.61016949]\n [0.19026274 0.30710157 0.84898487 0.19026274 0.30710157 0.57627119]\n ...\n [0.81772535 0.87942209 0.94735588 0.81772535 0.87942209 0.6440678 ]\n [0.00662096 0.00907874 1.         0.00662096 0.00907874 0.37288136]\n [0.01076061 0.00964902 1.         0.01076061 0.00964902 0.47457627]]",
            "predicted_outcome": "[0.58007175 0.5899251  0.5557364  ... 0.64806503 0.40994897 0.4419987 ]",
            "intervention_params": {
              "intensity_reduction": 0.3,
              "volatility_reduction": 0.2
            }
          },
          "effectiveness": {
            "mean_improvement": "0.0",
            "std_improvement": "0.0",
            "median_improvement": "0.0",
            "improvement_rate": 0.0,
            "significant_improvement_rate": 0.0,
            "max_improvement": "0.0",
            "min_improvement": "0.0",
            "improvement_distribution": {
              "positive": "0",
              "neutral": "4421",
              "negative": "0"
            }
          }
        },
        "{'intensity_reduction': 0.3, 'volatility_reduction': 0.3}": {
          "intervention_result": {
            "intervened_features": "[[0.04785826 0.07785079 0.27515257 0.04785826 0.07785079 0.47457627]\n [0.37981908 0.46134477 0.7776635  0.37981908 0.46134477 0.61016949]\n [0.19026274 0.30710157 0.84898487 0.19026274 0.30710157 0.57627119]\n ...\n [0.81772535 0.87942209 0.94735588 0.81772535 0.87942209 0.6440678 ]\n [0.00662096 0.00907874 1.         0.00662096 0.00907874 0.37288136]\n [0.01076061 0.00964902 1.         0.01076061 0.00964902 0.47457627]]",
            "predicted_outcome": "[0.58007175 0.5899251  0.5557364  ... 0.64806503 0.40994897 0.4419987 ]",
            "intervention_params": {
              "intensity_reduction": 0.3,
              "volatility_reduction": 0.3
            }
          },
          "effectiveness": {
            "mean_improvement": "0.0",
            "std_improvement": "0.0",
            "median_improvement": "0.0",
            "improvement_rate": 0.0,
            "significant_improvement_rate": 0.0,
            "max_improvement": "0.0",
            "min_improvement": "0.0",
            "improvement_distribution": {
              "positive": "0",
              "neutral": "4421",
              "negative": "0"
            }
          }
        },
        "{'intensity_reduction': 0.3, 'volatility_reduction': 0.4}": {
          "intervention_result": {
            "intervened_features": "[[0.04785826 0.07785079 0.27515257 0.04785826 0.07785079 0.47457627]\n [0.37981908 0.46134477 0.7776635  0.37981908 0.46134477 0.61016949]\n [0.19026274 0.30710157 0.84898487 0.19026274 0.30710157 0.57627119]\n ...\n [0.81772535 0.87942209 0.94735588 0.81772535 0.87942209 0.6440678 ]\n [0.00662096 0.00907874 1.         0.00662096 0.00907874 0.37288136]\n [0.01076061 0.00964902 1.         0.01076061 0.00964902 0.47457627]]",
            "predicted_outcome": "[0.58007175 0.5899251  0.5557364  ... 0.64806503 0.40994897 0.4419987 ]",
            "intervention_params": {
              "intensity_reduction": 0.3,
              "volatility_reduction": 0.4
            }
          },
          "effectiveness": {
            "mean_improvement": "0.0",
            "std_improvement": "0.0",
            "median_improvement": "0.0",
            "improvement_rate": 0.0,
            "significant_improvement_rate": 0.0,
            "max_improvement": "0.0",
            "min_improvement": "0.0",
            "improvement_distribution": {
              "positive": "0",
              "neutral": "4421",
              "negative": "0"
            }
          }
        },
        "{'intensity_reduction': 0.3, 'volatility_reduction': 0.5}": {
          "intervention_result": {
            "intervened_features": "[[0.04785826 0.07785079 0.27515257 0.04785826 0.07785079 0.47457627]\n [0.37981908 0.46134477 0.7776635  0.37981908 0.46134477 0.61016949]\n [0.19026274 0.30710157 0.84898487 0.19026274 0.30710157 0.57627119]\n ...\n [0.81772535 0.87942209 0.94735588 0.81772535 0.87942209 0.6440678 ]\n [0.00662096 0.00907874 1.         0.00662096 0.00907874 0.37288136]\n [0.01076061 0.00964902 1.         0.01076061 0.00964902 0.47457627]]",
            "predicted_outcome": "[0.58007175 0.5899251  0.5557364  ... 0.64806503 0.40994897 0.4419987 ]",
            "intervention_params": {
              "intensity_reduction": 0.3,
              "volatility_reduction": 0.5
            }
          },
          "effectiveness": {
            "mean_improvement": "0.0",
            "std_improvement": "0.0",
            "median_improvement": "0.0",
            "improvement_rate": 0.0,
            "significant_improvement_rate": 0.0,
            "max_improvement": "0.0",
            "min_improvement": "0.0",
            "improvement_distribution": {
              "positive": "0",
              "neutral": "4421",
              "negative": "0"
            }
          }
        },
        "{'intensity_reduction': 0.4, 'volatility_reduction': 0.1}": {
          "intervention_result": {
            "intervened_features": "[[0.04785826 0.07785079 0.27515257 0.04785826 0.07785079 0.47457627]\n [0.37981908 0.46134477 0.7776635  0.37981908 0.46134477 0.61016949]\n [0.19026274 0.30710157 0.84898487 0.19026274 0.30710157 0.57627119]\n ...\n [0.81772535 0.87942209 0.94735588 0.81772535 0.87942209 0.6440678 ]\n [0.00662096 0.00907874 1.         0.00662096 0.00907874 0.37288136]\n [0.01076061 0.00964902 1.         0.01076061 0.00964902 0.47457627]]",
            "predicted_outcome": "[0.58007175 0.5899251  0.5557364  ... 0.64806503 0.40994897 0.4419987 ]",
            "intervention_params": {
              "intensity_reduction": 0.4,
              "volatility_reduction": 0.1
            }
          },
          "effectiveness": {
            "mean_improvement": "0.0",
            "std_improvement": "0.0",
            "median_improvement": "0.0",
            "improvement_rate": 0.0,
            "significant_improvement_rate": 0.0,
            "max_improvement": "0.0",
            "min_improvement": "0.0",
            "improvement_distribution": {
              "positive": "0",
              "neutral": "4421",
              "negative": "0"
            }
          }
        },
        "{'intensity_reduction': 0.4, 'volatility_reduction': 0.2}": {
          "intervention_result": {
            "intervened_features": "[[0.04785826 0.07785079 0.27515257 0.04785826 0.07785079 0.47457627]\n [0.37981908 0.46134477 0.7776635  0.37981908 0.46134477 0.61016949]\n [0.19026274 0.30710157 0.84898487 0.19026274 0.30710157 0.57627119]\n ...\n [0.81772535 0.87942209 0.94735588 0.81772535 0.87942209 0.6440678 ]\n [0.00662096 0.00907874 1.         0.00662096 0.00907874 0.37288136]\n [0.01076061 0.00964902 1.         0.01076061 0.00964902 0.47457627]]",
            "predicted_outcome": "[0.58007175 0.5899251  0.5557364  ... 0.64806503 0.40994897 0.4419987 ]",
            "intervention_params": {
              "intensity_reduction": 0.4,
              "volatility_reduction": 0.2
            }
          },
          "effectiveness": {
            "mean_improvement": "0.0",
            "std_improvement": "0.0",
            "median_improvement": "0.0",
            "improvement_rate": 0.0,
            "significant_improvement_rate": 0.0,
            "max_improvement": "0.0",
            "min_improvement": "0.0",
            "improvement_distribution": {
              "positive": "0",
              "neutral": "4421",
              "negative": "0"
            }
          }
        },
        "{'intensity_reduction': 0.4, 'volatility_reduction': 0.3}": {
          "intervention_result": {
            "intervened_features": "[[0.04785826 0.07785079 0.27515257 0.04785826 0.07785079 0.47457627]\n [0.37981908 0.46134477 0.7776635  0.37981908 0.46134477 0.61016949]\n [0.19026274 0.30710157 0.84898487 0.19026274 0.30710157 0.57627119]\n ...\n [0.81772535 0.87942209 0.94735588 0.81772535 0.87942209 0.6440678 ]\n [0.00662096 0.00907874 1.         0.00662096 0.00907874 0.37288136]\n [0.01076061 0.00964902 1.         0.01076061 0.00964902 0.47457627]]",
            "predicted_outcome": "[0.58007175 0.5899251  0.5557364  ... 0.64806503 0.40994897 0.4419987 ]",
            "intervention_params": {
              "intensity_reduction": 0.4,
              "volatility_reduction": 0.3
            }
          },
          "effectiveness": {
            "mean_improvement": "0.0",
            "std_improvement": "0.0",
            "median_improvement": "0.0",
            "improvement_rate": 0.0,
            "significant_improvement_rate": 0.0,
            "max_improvement": "0.0",
            "min_improvement": "0.0",
            "improvement_distribution": {
              "positive": "0",
              "neutral": "4421",
              "negative": "0"
            }
          }
        },
        "{'intensity_reduction': 0.4, 'volatility_reduction': 0.4}": {
          "intervention_result": {
            "intervened_features": "[[0.04785826 0.07785079 0.27515257 0.04785826 0.07785079 0.47457627]\n [0.37981908 0.46134477 0.7776635  0.37981908 0.46134477 0.61016949]\n [0.19026274 0.30710157 0.84898487 0.19026274 0.30710157 0.57627119]\n ...\n [0.81772535 0.87942209 0.94735588 0.81772535 0.87942209 0.6440678 ]\n [0.00662096 0.00907874 1.         0.00662096 0.00907874 0.37288136]\n [0.01076061 0.00964902 1.         0.01076061 0.00964902 0.47457627]]",
            "predicted_outcome": "[0.58007175 0.5899251  0.5557364  ... 0.64806503 0.40994897 0.4419987 ]",
            "intervention_params": {
              "intensity_reduction": 0.4,
              "volatility_reduction": 0.4
            }
          },
          "effectiveness": {
            "mean_improvement": "0.0",
            "std_improvement": "0.0",
            "median_improvement": "0.0",
            "improvement_rate": 0.0,
            "significant_improvement_rate": 0.0,
            "max_improvement": "0.0",
            "min_improvement": "0.0",
            "improvement_distribution": {
              "positive": "0",
              "neutral": "4421",
              "negative": "0"
            }
          }
        },
        "{'intensity_reduction': 0.4, 'volatility_reduction': 0.5}": {
          "intervention_result": {
            "intervened_features": "[[0.04785826 0.07785079 0.27515257 0.04785826 0.07785079 0.47457627]\n [0.37981908 0.46134477 0.7776635  0.37981908 0.46134477 0.61016949]\n [0.19026274 0.30710157 0.84898487 0.19026274 0.30710157 0.57627119]\n ...\n [0.81772535 0.87942209 0.94735588 0.81772535 0.87942209 0.6440678 ]\n [0.00662096 0.00907874 1.         0.00662096 0.00907874 0.37288136]\n [0.01076061 0.00964902 1.         0.01076061 0.00964902 0.47457627]]",
            "predicted_outcome": "[0.58007175 0.5899251  0.5557364  ... 0.64806503 0.40994897 0.4419987 ]",
            "intervention_params": {
              "intensity_reduction": 0.4,
              "volatility_reduction": 0.5
            }
          },
          "effectiveness": {
            "mean_improvement": "0.0",
            "std_improvement": "0.0",
            "median_improvement": "0.0",
            "improvement_rate": 0.0,
            "significant_improvement_rate": 0.0,
            "max_improvement": "0.0",
            "min_improvement": "0.0",
            "improvement_distribution": {
              "positive": "0",
              "neutral": "4421",
              "negative": "0"
            }
          }
        },
        "{'intensity_reduction': 0.5, 'volatility_reduction': 0.1}": {
          "intervention_result": {
            "intervened_features": "[[0.04785826 0.07785079 0.27515257 0.04785826 0.07785079 0.47457627]\n [0.37981908 0.46134477 0.7776635  0.37981908 0.46134477 0.61016949]\n [0.19026274 0.30710157 0.84898487 0.19026274 0.30710157 0.57627119]\n ...\n [0.81772535 0.87942209 0.94735588 0.81772535 0.87942209 0.6440678 ]\n [0.00662096 0.00907874 1.         0.00662096 0.00907874 0.37288136]\n [0.01076061 0.00964902 1.         0.01076061 0.00964902 0.47457627]]",
            "predicted_outcome": "[0.58007175 0.5899251  0.5557364  ... 0.64806503 0.40994897 0.4419987 ]",
            "intervention_params": {
              "intensity_reduction": 0.5,
              "volatility_reduction": 0.1
            }
          },
          "effectiveness": {
            "mean_improvement": "0.0",
            "std_improvement": "0.0",
            "median_improvement": "0.0",
            "improvement_rate": 0.0,
            "significant_improvement_rate": 0.0,
            "max_improvement": "0.0",
            "min_improvement": "0.0",
            "improvement_distribution": {
              "positive": "0",
              "neutral": "4421",
              "negative": "0"
            }
          }
        },
        "{'intensity_reduction': 0.5, 'volatility_reduction': 0.2}": {
          "intervention_result": {
            "intervened_features": "[[0.04785826 0.07785079 0.27515257 0.04785826 0.07785079 0.47457627]\n [0.37981908 0.46134477 0.7776635  0.37981908 0.46134477 0.61016949]\n [0.19026274 0.30710157 0.84898487 0.19026274 0.30710157 0.57627119]\n ...\n [0.81772535 0.87942209 0.94735588 0.81772535 0.87942209 0.6440678 ]\n [0.00662096 0.00907874 1.         0.00662096 0.00907874 0.37288136]\n [0.01076061 0.00964902 1.         0.01076061 0.00964902 0.47457627]]",
            "predicted_outcome": "[0.58007175 0.5899251  0.5557364  ... 0.64806503 0.40994897 0.4419987 ]",
            "intervention_params": {
              "intensity_reduction": 0.5,
              "volatility_reduction": 0.2
            }
          },
          "effectiveness": {
            "mean_improvement": "0.0",
            "std_improvement": "0.0",
            "median_improvement": "0.0",
            "improvement_rate": 0.0,
            "significant_improvement_rate": 0.0,
            "max_improvement": "0.0",
            "min_improvement": "0.0",
            "improvement_distribution": {
              "positive": "0",
              "neutral": "4421",
              "negative": "0"
            }
          }
        },
        "{'intensity_reduction': 0.5, 'volatility_reduction': 0.3}": {
          "intervention_result": {
            "intervened_features": "[[0.04785826 0.07785079 0.27515257 0.04785826 0.07785079 0.47457627]\n [0.37981908 0.46134477 0.7776635  0.37981908 0.46134477 0.61016949]\n [0.19026274 0.30710157 0.84898487 0.19026274 0.30710157 0.57627119]\n ...\n [0.81772535 0.87942209 0.94735588 0.81772535 0.87942209 0.6440678 ]\n [0.00662096 0.00907874 1.         0.00662096 0.00907874 0.37288136]\n [0.01076061 0.00964902 1.         0.01076061 0.00964902 0.47457627]]",
            "predicted_outcome": "[0.58007175 0.5899251  0.5557364  ... 0.64806503 0.40994897 0.4419987 ]",
            "intervention_params": {
              "intensity_reduction": 0.5,
              "volatility_reduction": 0.3
            }
          },
          "effectiveness": {
            "mean_improvement": "0.0",
            "std_improvement": "0.0",
            "median_improvement": "0.0",
            "improvement_rate": 0.0,
            "significant_improvement_rate": 0.0,
            "max_improvement": "0.0",
            "min_improvement": "0.0",
            "improvement_distribution": {
              "positive": "0",
              "neutral": "4421",
              "negative": "0"
            }
          }
        },
        "{'intensity_reduction': 0.5, 'volatility_reduction': 0.4}": {
          "intervention_result": {
            "intervened_features": "[[0.04785826 0.07785079 0.27515257 0.04785826 0.07785079 0.47457627]\n [0.37981908 0.46134477 0.7776635  0.37981908 0.46134477 0.61016949]\n [0.19026274 0.30710157 0.84898487 0.19026274 0.30710157 0.57627119]\n ...\n [0.81772535 0.87942209 0.94735588 0.81772535 0.87942209 0.6440678 ]\n [0.00662096 0.00907874 1.         0.00662096 0.00907874 0.37288136]\n [0.01076061 0.00964902 1.         0.01076061 0.00964902 0.47457627]]",
            "predicted_outcome": "[0.58007175 0.5899251  0.5557364  ... 0.64806503 0.40994897 0.4419987 ]",
            "intervention_params": {
              "intensity_reduction": 0.5,
              "volatility_reduction": 0.4
            }
          },
          "effectiveness": {
            "mean_improvement": "0.0",
            "std_improvement": "0.0",
            "median_improvement": "0.0",
            "improvement_rate": 0.0,
            "significant_improvement_rate": 0.0,
            "max_improvement": "0.0",
            "min_improvement": "0.0",
            "improvement_distribution": {
              "positive": "0",
              "neutral": "4421",
              "negative": "0"
            }
          }
        },
        "{'intensity_reduction': 0.5, 'volatility_reduction': 0.5}": {
          "intervention_result": {
            "intervened_features": "[[0.04785826 0.07785079 0.27515257 0.04785826 0.07785079 0.47457627]\n [0.37981908 0.46134477 0.7776635  0.37981908 0.46134477 0.61016949]\n [0.19026274 0.30710157 0.84898487 0.19026274 0.30710157 0.57627119]\n ...\n [0.81772535 0.87942209 0.94735588 0.81772535 0.87942209 0.6440678 ]\n [0.00662096 0.00907874 1.         0.00662096 0.00907874 0.37288136]\n [0.01076061 0.00964902 1.         0.01076061 0.00964902 0.47457627]]",
            "predicted_outcome": "[0.58007175 0.5899251  0.5557364  ... 0.64806503 0.40994897 0.4419987 ]",
            "intervention_params": {
              "intensity_reduction": 0.5,
              "volatility_reduction": 0.5
            }
          },
          "effectiveness": {
            "mean_improvement": "0.0",
            "std_improvement": "0.0",
            "median_improvement": "0.0",
            "improvement_rate": 0.0,
            "significant_improvement_rate": 0.0,
            "max_improvement": "0.0",
            "min_improvement": "0.0",
            "improvement_distribution": {
              "positive": "0",
              "neutral": "4421",
              "negative": "0"
            }
          }
        }
      },
      "best_parameters": "{'intensity_reduction': 0.1, 'volatility_reduction': 0.1}",
      "best_improvement": "0.0"
    },
    "recovery_enhancement": {
      "strategy_info": {
        "name": "\u6062\u590d\u589e\u5f3a\u5e72\u9884",
        "description": "\u901a\u8fc7\u6539\u5584\u6062\u590d\u6548\u7387\u6765\u63d0\u5347\u6062\u590d\u6a21\u5f0f",
        "target_features": [
          "stress_release_efficiency"
        ],
        "intervention_type": "additive",
        "parameters": {
          "efficiency_boost": [
            0.05,
            0.1,
            0.15,
            0.2,
            0.25
          ]
        }
      },
      "parameter_results": {
        "{'efficiency_boost': 0.05}": {
          "intervention_result": {
            "intervened_features": "[[0.04785826 0.07785079 0.27515257 0.04785826 0.07785079 0.47457627]\n [0.37981908 0.46134477 0.7776635  0.37981908 0.46134477 0.61016949]\n [0.19026274 0.30710157 0.84898487 0.19026274 0.30710157 0.57627119]\n ...\n [0.81772535 0.87942209 0.94735588 0.81772535 0.87942209 0.6440678 ]\n [0.00662096 0.00907874 1.         0.00662096 0.00907874 0.37288136]\n [0.01076061 0.00964902 1.         0.01076061 0.00964902 0.47457627]]",
            "predicted_outcome": "[0.58007175 0.5899251  0.5557364  ... 0.64806503 0.40994897 0.4419987 ]",
            "intervention_params": {
              "efficiency_boost": 0.05
            }
          },
          "effectiveness": {
            "mean_improvement": "0.0",
            "std_improvement": "0.0",
            "median_improvement": "0.0",
            "improvement_rate": 0.0,
            "significant_improvement_rate": 0.0,
            "max_improvement": "0.0",
            "min_improvement": "0.0",
            "improvement_distribution": {
              "positive": "0",
              "neutral": "4421",
              "negative": "0"
            }
          }
        },
        "{'efficiency_boost': 0.1}": {
          "intervention_result": {
            "intervened_features": "[[0.04785826 0.07785079 0.27515257 0.04785826 0.07785079 0.47457627]\n [0.37981908 0.46134477 0.7776635  0.37981908 0.46134477 0.61016949]\n [0.19026274 0.30710157 0.84898487 0.19026274 0.30710157 0.57627119]\n ...\n [0.81772535 0.87942209 0.94735588 0.81772535 0.87942209 0.6440678 ]\n [0.00662096 0.00907874 1.         0.00662096 0.00907874 0.37288136]\n [0.01076061 0.00964902 1.         0.01076061 0.00964902 0.47457627]]",
            "predicted_outcome": "[0.58007175 0.5899251  0.5557364  ... 0.64806503 0.40994897 0.4419987 ]",
            "intervention_params": {
              "efficiency_boost": 0.1
            }
          },
          "effectiveness": {
            "mean_improvement": "0.0",
            "std_improvement": "0.0",
            "median_improvement": "0.0",
            "improvement_rate": 0.0,
            "significant_improvement_rate": 0.0,
            "max_improvement": "0.0",
            "min_improvement": "0.0",
            "improvement_distribution": {
              "positive": "0",
              "neutral": "4421",
              "negative": "0"
            }
          }
        },
        "{'efficiency_boost': 0.15}": {
          "intervention_result": {
            "intervened_features": "[[0.04785826 0.07785079 0.27515257 0.04785826 0.07785079 0.47457627]\n [0.37981908 0.46134477 0.7776635  0.37981908 0.46134477 0.61016949]\n [0.19026274 0.30710157 0.84898487 0.19026274 0.30710157 0.57627119]\n ...\n [0.81772535 0.87942209 0.94735588 0.81772535 0.87942209 0.6440678 ]\n [0.00662096 0.00907874 1.         0.00662096 0.00907874 0.37288136]\n [0.01076061 0.00964902 1.         0.01076061 0.00964902 0.47457627]]",
            "predicted_outcome": "[0.58007175 0.5899251  0.5557364  ... 0.64806503 0.40994897 0.4419987 ]",
            "intervention_params": {
              "efficiency_boost": 0.15
            }
          },
          "effectiveness": {
            "mean_improvement": "0.0",
            "std_improvement": "0.0",
            "median_improvement": "0.0",
            "improvement_rate": 0.0,
            "significant_improvement_rate": 0.0,
            "max_improvement": "0.0",
            "min_improvement": "0.0",
            "improvement_distribution": {
              "positive": "0",
              "neutral": "4421",
              "negative": "0"
            }
          }
        },
        "{'efficiency_boost': 0.2}": {
          "intervention_result": {
            "intervened_features": "[[0.04785826 0.07785079 0.27515257 0.04785826 0.07785079 0.47457627]\n [0.37981908 0.46134477 0.7776635  0.37981908 0.46134477 0.61016949]\n [0.19026274 0.30710157 0.84898487 0.19026274 0.30710157 0.57627119]\n ...\n [0.81772535 0.87942209 0.94735588 0.81772535 0.87942209 0.6440678 ]\n [0.00662096 0.00907874 1.         0.00662096 0.00907874 0.37288136]\n [0.01076061 0.00964902 1.         0.01076061 0.00964902 0.47457627]]",
            "predicted_outcome": "[0.58007175 0.5899251  0.5557364  ... 0.64806503 0.40994897 0.4419987 ]",
            "intervention_params": {
              "efficiency_boost": 0.2
            }
          },
          "effectiveness": {
            "mean_improvement": "0.0",
            "std_improvement": "0.0",
            "median_improvement": "0.0",
            "improvement_rate": 0.0,
            "significant_improvement_rate": 0.0,
            "max_improvement": "0.0",
            "min_improvement": "0.0",
            "improvement_distribution": {
              "positive": "0",
              "neutral": "4421",
              "negative": "0"
            }
          }
        },
        "{'efficiency_boost': 0.25}": {
          "intervention_result": {
            "intervened_features": "[[0.04785826 0.07785079 0.27515257 0.04785826 0.07785079 0.47457627]\n [0.37981908 0.46134477 0.7776635  0.37981908 0.46134477 0.61016949]\n [0.19026274 0.30710157 0.84898487 0.19026274 0.30710157 0.57627119]\n ...\n [0.81772535 0.87942209 0.94735588 0.81772535 0.87942209 0.6440678 ]\n [0.00662096 0.00907874 1.         0.00662096 0.00907874 0.37288136]\n [0.01076061 0.00964902 1.         0.01076061 0.00964902 0.47457627]]",
            "predicted_outcome": "[0.58007175 0.5899251  0.5557364  ... 0.64806503 0.40994897 0.4419987 ]",
            "intervention_params": {
              "efficiency_boost": 0.25
            }
          },
          "effectiveness": {
            "mean_improvement": "0.0",
            "std_improvement": "0.0",
            "median_improvement": "0.0",
            "improvement_rate": 0.0,
            "significant_improvement_rate": 0.0,
            "max_improvement": "0.0",
            "min_improvement": "0.0",
            "improvement_distribution": {
              "positive": "0",
              "neutral": "4421",
              "negative": "0"
            }
          }
        }
      },
      "best_parameters": "{'efficiency_boost': 0.05}",
      "best_improvement": "0.0"
    },
    "pattern_optimization": {
      "strategy_info": {
        "name": "\u6a21\u5f0f\u4f18\u5316\u5e72\u9884",
        "description": "\u901a\u8fc7\u4f18\u5316\u6062\u590d\u6a21\u5f0f\u6765\u6539\u5584\u6574\u4f53\u8868\u73b0",
        "target_features": [
          "recovery_pattern_score.1"
        ],
        "intervention_type": "additive",
        "parameters": {
          "pattern_improvement": [
            0.05,
            0.1,
            0.15,
            0.2,
            0.25
          ]
        }
      },
      "parameter_results": {
        "{'pattern_improvement': 0.05}": {
          "intervention_result": {
            "intervened_features": "[[0.04785826 0.07785079 0.27515257 0.04785826 0.07785079 0.47457627]\n [0.37981908 0.46134477 0.7776635  0.37981908 0.46134477 0.61016949]\n [0.19026274 0.30710157 0.84898487 0.19026274 0.30710157 0.57627119]\n ...\n [0.81772535 0.87942209 0.94735588 0.81772535 0.87942209 0.6440678 ]\n [0.00662096 0.00907874 1.         0.00662096 0.00907874 0.37288136]\n [0.01076061 0.00964902 1.         0.01076061 0.00964902 0.47457627]]",
            "predicted_outcome": "[0.58007175 0.5899251  0.5557364  ... 0.64806503 0.40994897 0.4419987 ]",
            "intervention_params": {
              "pattern_improvement": 0.05
            }
          },
          "effectiveness": {
            "mean_improvement": "0.0",
            "std_improvement": "0.0",
            "median_improvement": "0.0",
            "improvement_rate": 0.0,
            "significant_improvement_rate": 0.0,
            "max_improvement": "0.0",
            "min_improvement": "0.0",
            "improvement_distribution": {
              "positive": "0",
              "neutral": "4421",
              "negative": "0"
            }
          }
        },
        "{'pattern_improvement': 0.1}": {
          "intervention_result": {
            "intervened_features": "[[0.04785826 0.07785079 0.27515257 0.04785826 0.07785079 0.47457627]\n [0.37981908 0.46134477 0.7776635  0.37981908 0.46134477 0.61016949]\n [0.19026274 0.30710157 0.84898487 0.19026274 0.30710157 0.57627119]\n ...\n [0.81772535 0.87942209 0.94735588 0.81772535 0.87942209 0.6440678 ]\n [0.00662096 0.00907874 1.         0.00662096 0.00907874 0.37288136]\n [0.01076061 0.00964902 1.         0.01076061 0.00964902 0.47457627]]",
            "predicted_outcome": "[0.58007175 0.5899251  0.5557364  ... 0.64806503 0.40994897 0.4419987 ]",
            "intervention_params": {
              "pattern_improvement": 0.1
            }
          },
          "effectiveness": {
            "mean_improvement": "0.0",
            "std_improvement": "0.0",
            "median_improvement": "0.0",
            "improvement_rate": 0.0,
            "significant_improvement_rate": 0.0,
            "max_improvement": "0.0",
            "min_improvement": "0.0",
            "improvement_distribution": {
              "positive": "0",
              "neutral": "4421",
              "negative": "0"
            }
          }
        },
        "{'pattern_improvement': 0.15}": {
          "intervention_result": {
            "intervened_features": "[[0.04785826 0.07785079 0.27515257 0.04785826 0.07785079 0.47457627]\n [0.37981908 0.46134477 0.7776635  0.37981908 0.46134477 0.61016949]\n [0.19026274 0.30710157 0.84898487 0.19026274 0.30710157 0.57627119]\n ...\n [0.81772535 0.87942209 0.94735588 0.81772535 0.87942209 0.6440678 ]\n [0.00662096 0.00907874 1.         0.00662096 0.00907874 0.37288136]\n [0.01076061 0.00964902 1.         0.01076061 0.00964902 0.47457627]]",
            "predicted_outcome": "[0.58007175 0.5899251  0.5557364  ... 0.64806503 0.40994897 0.4419987 ]",
            "intervention_params": {
              "pattern_improvement": 0.15
            }
          },
          "effectiveness": {
            "mean_improvement": "0.0",
            "std_improvement": "0.0",
            "median_improvement": "0.0",
            "improvement_rate": 0.0,
            "significant_improvement_rate": 0.0,
            "max_improvement": "0.0",
            "min_improvement": "0.0",
            "improvement_distribution": {
              "positive": "0",
              "neutral": "4421",
              "negative": "0"
            }
          }
        },
        "{'pattern_improvement': 0.2}": {
          "intervention_result": {
            "intervened_features": "[[0.04785826 0.07785079 0.27515257 0.04785826 0.07785079 0.47457627]\n [0.37981908 0.46134477 0.7776635  0.37981908 0.46134477 0.61016949]\n [0.19026274 0.30710157 0.84898487 0.19026274 0.30710157 0.57627119]\n ...\n [0.81772535 0.87942209 0.94735588 0.81772535 0.87942209 0.6440678 ]\n [0.00662096 0.00907874 1.         0.00662096 0.00907874 0.37288136]\n [0.01076061 0.00964902 1.         0.01076061 0.00964902 0.47457627]]",
            "predicted_outcome": "[0.58007175 0.5899251  0.5557364  ... 0.64806503 0.40994897 0.4419987 ]",
            "intervention_params": {
              "pattern_improvement": 0.2
            }
          },
          "effectiveness": {
            "mean_improvement": "0.0",
            "std_improvement": "0.0",
            "median_improvement": "0.0",
            "improvement_rate": 0.0,
            "significant_improvement_rate": 0.0,
            "max_improvement": "0.0",
            "min_improvement": "0.0",
            "improvement_distribution": {
              "positive": "0",
              "neutral": "4421",
              "negative": "0"
            }
          }
        },
        "{'pattern_improvement': 0.25}": {
          "intervention_result": {
            "intervened_features": "[[0.04785826 0.07785079 0.27515257 0.04785826 0.07785079 0.47457627]\n [0.37981908 0.46134477 0.7776635  0.37981908 0.46134477 0.61016949]\n [0.19026274 0.30710157 0.84898487 0.19026274 0.30710157 0.57627119]\n ...\n [0.81772535 0.87942209 0.94735588 0.81772535 0.87942209 0.6440678 ]\n [0.00662096 0.00907874 1.         0.00662096 0.00907874 0.37288136]\n [0.01076061 0.00964902 1.         0.01076061 0.00964902 0.47457627]]",
            "predicted_outcome": "[0.58007175 0.5899251  0.5557364  ... 0.64806503 0.40994897 0.4419987 ]",
            "intervention_params": {
              "pattern_improvement": 0.25
            }
          },
          "effectiveness": {
            "mean_improvement": "0.0",
            "std_improvement": "0.0",
            "median_improvement": "0.0",
            "improvement_rate": 0.0,
            "significant_improvement_rate": 0.0,
            "max_improvement": "0.0",
            "min_improvement": "0.0",
            "improvement_distribution": {
              "positive": "0",
              "neutral": "4421",
              "negative": "0"
            }
          }
        }
      },
      "best_parameters": "{'pattern_improvement': 0.05}",
      "best_improvement": "0.0"
    },
    "comprehensive_intervention": {
      "strategy_info": {
        "name": "\u7efc\u5408\u5e72\u9884",
        "description": "\u540c\u65f6\u6539\u5584\u591a\u4e2a\u7279\u5f81\u7684\u7efc\u5408\u5e72\u9884\u7b56\u7565",
        "target_features": [
          "stress_intensity",
          "stress_volatility",
          "stress_release_efficiency"
        ],
        "intervention_type": "combined",
        "parameters": {
          "intensity_reduction": [
            0.15,
            0.25,
            0.35
          ],
          "volatility_reduction": [
            0.1,
            0.2,
            0.3
          ],
          "efficiency_boost": [
            0.08,
            0.15,
            0.22
          ]
        }
      },
      "parameter_results": {
        "{'intensity_reduction': 0.15, 'volatility_reduction': 0.1, 'efficiency_boost': 0.08}": {
          "intervention_result": {
            "intervened_features": "[[0.04785826 0.07785079 0.27515257 0.04785826 0.07785079 0.47457627]\n [0.37981908 0.46134477 0.7776635  0.37981908 0.46134477 0.61016949]\n [0.19026274 0.30710157 0.84898487 0.19026274 0.30710157 0.57627119]\n ...\n [0.81772535 0.87942209 0.94735588 0.81772535 0.87942209 0.6440678 ]\n [0.00662096 0.00907874 1.         0.00662096 0.00907874 0.37288136]\n [0.01076061 0.00964902 1.         0.01076061 0.00964902 0.47457627]]",
            "predicted_outcome": "[0.58007175 0.5899251  0.5557364  ... 0.64806503 0.40994897 0.4419987 ]",
            "intervention_params": {
              "intensity_reduction": 0.15,
              "volatility_reduction": 0.1,
              "efficiency_boost": 0.08
            }
          },
          "effectiveness": {
            "mean_improvement": "0.0",
            "std_improvement": "0.0",
            "median_improvement": "0.0",
            "improvement_rate": 0.0,
            "significant_improvement_rate": 0.0,
            "max_improvement": "0.0",
            "min_improvement": "0.0",
            "improvement_distribution": {
              "positive": "0",
              "neutral": "4421",
              "negative": "0"
            }
          }
        },
        "{'intensity_reduction': 0.15, 'volatility_reduction': 0.1, 'efficiency_boost': 0.15}": {
          "intervention_result": {
            "intervened_features": "[[0.04785826 0.07785079 0.27515257 0.04785826 0.07785079 0.47457627]\n [0.37981908 0.46134477 0.7776635  0.37981908 0.46134477 0.61016949]\n [0.19026274 0.30710157 0.84898487 0.19026274 0.30710157 0.57627119]\n ...\n [0.81772535 0.87942209 0.94735588 0.81772535 0.87942209 0.6440678 ]\n [0.00662096 0.00907874 1.         0.00662096 0.00907874 0.37288136]\n [0.01076061 0.00964902 1.         0.01076061 0.00964902 0.47457627]]",
            "predicted_outcome": "[0.58007175 0.5899251  0.5557364  ... 0.64806503 0.40994897 0.4419987 ]",
            "intervention_params": {
              "intensity_reduction": 0.15,
              "volatility_reduction": 0.1,
              "efficiency_boost": 0.15
            }
          },
          "effectiveness": {
            "mean_improvement": "0.0",
            "std_improvement": "0.0",
            "median_improvement": "0.0",
            "improvement_rate": 0.0,
            "significant_improvement_rate": 0.0,
            "max_improvement": "0.0",
            "min_improvement": "0.0",
            "improvement_distribution": {
              "positive": "0",
              "neutral": "4421",
              "negative": "0"
            }
          }
        },
        "{'intensity_reduction': 0.15, 'volatility_reduction': 0.1, 'efficiency_boost': 0.22}": {
          "intervention_result": {
            "intervened_features": "[[0.04785826 0.07785079 0.27515257 0.04785826 0.07785079 0.47457627]\n [0.37981908 0.46134477 0.7776635  0.37981908 0.46134477 0.61016949]\n [0.19026274 0.30710157 0.84898487 0.19026274 0.30710157 0.57627119]\n ...\n [0.81772535 0.87942209 0.94735588 0.81772535 0.87942209 0.6440678 ]\n [0.00662096 0.00907874 1.         0.00662096 0.00907874 0.37288136]\n [0.01076061 0.00964902 1.         0.01076061 0.00964902 0.47457627]]",
            "predicted_outcome": "[0.58007175 0.5899251  0.5557364  ... 0.64806503 0.40994897 0.4419987 ]",
            "intervention_params": {
              "intensity_reduction": 0.15,
              "volatility_reduction": 0.1,
              "efficiency_boost": 0.22
            }
          },
          "effectiveness": {
            "mean_improvement": "0.0",
            "std_improvement": "0.0",
            "median_improvement": "0.0",
            "improvement_rate": 0.0,
            "significant_improvement_rate": 0.0,
            "max_improvement": "0.0",
            "min_improvement": "0.0",
            "improvement_distribution": {
              "positive": "0",
              "neutral": "4421",
              "negative": "0"
            }
          }
        },
        "{'intensity_reduction': 0.15, 'volatility_reduction': 0.2, 'efficiency_boost': 0.08}": {
          "intervention_result": {
            "intervened_features": "[[0.04785826 0.07785079 0.27515257 0.04785826 0.07785079 0.47457627]\n [0.37981908 0.46134477 0.7776635  0.37981908 0.46134477 0.61016949]\n [0.19026274 0.30710157 0.84898487 0.19026274 0.30710157 0.57627119]\n ...\n [0.81772535 0.87942209 0.94735588 0.81772535 0.87942209 0.6440678 ]\n [0.00662096 0.00907874 1.         0.00662096 0.00907874 0.37288136]\n [0.01076061 0.00964902 1.         0.01076061 0.00964902 0.47457627]]",
            "predicted_outcome": "[0.58007175 0.5899251  0.5557364  ... 0.64806503 0.40994897 0.4419987 ]",
            "intervention_params": {
              "intensity_reduction": 0.15,
              "volatility_reduction": 0.2,
              "efficiency_boost": 0.08
            }
          },
          "effectiveness": {
            "mean_improvement": "0.0",
            "std_improvement": "0.0",
            "median_improvement": "0.0",
            "improvement_rate": 0.0,
            "significant_improvement_rate": 0.0,
            "max_improvement": "0.0",
            "min_improvement": "0.0",
            "improvement_distribution": {
              "positive": "0",
              "neutral": "4421",
              "negative": "0"
            }
          }
        },
        "{'intensity_reduction': 0.15, 'volatility_reduction': 0.2, 'efficiency_boost': 0.15}": {
          "intervention_result": {
            "intervened_features": "[[0.04785826 0.07785079 0.27515257 0.04785826 0.07785079 0.47457627]\n [0.37981908 0.46134477 0.7776635  0.37981908 0.46134477 0.61016949]\n [0.19026274 0.30710157 0.84898487 0.19026274 0.30710157 0.57627119]\n ...\n [0.81772535 0.87942209 0.94735588 0.81772535 0.87942209 0.6440678 ]\n [0.00662096 0.00907874 1.         0.00662096 0.00907874 0.37288136]\n [0.01076061 0.00964902 1.         0.01076061 0.00964902 0.47457627]]",
            "predicted_outcome": "[0.58007175 0.5899251  0.5557364  ... 0.64806503 0.40994897 0.4419987 ]",
            "intervention_params": {
              "intensity_reduction": 0.15,
              "volatility_reduction": 0.2,
              "efficiency_boost": 0.15
            }
          },
          "effectiveness": {
            "mean_improvement": "0.0",
            "std_improvement": "0.0",
            "median_improvement": "0.0",
            "improvement_rate": 0.0,
            "significant_improvement_rate": 0.0,
            "max_improvement": "0.0",
            "min_improvement": "0.0",
            "improvement_distribution": {
              "positive": "0",
              "neutral": "4421",
              "negative": "0"
            }
          }
        },
        "{'intensity_reduction': 0.15, 'volatility_reduction': 0.2, 'efficiency_boost': 0.22}": {
          "intervention_result": {
            "intervened_features": "[[0.04785826 0.07785079 0.27515257 0.04785826 0.07785079 0.47457627]\n [0.37981908 0.46134477 0.7776635  0.37981908 0.46134477 0.61016949]\n [0.19026274 0.30710157 0.84898487 0.19026274 0.30710157 0.57627119]\n ...\n [0.81772535 0.87942209 0.94735588 0.81772535 0.87942209 0.6440678 ]\n [0.00662096 0.00907874 1.         0.00662096 0.00907874 0.37288136]\n [0.01076061 0.00964902 1.         0.01076061 0.00964902 0.47457627]]",
            "predicted_outcome": "[0.58007175 0.5899251  0.5557364  ... 0.64806503 0.40994897 0.4419987 ]",
            "intervention_params": {
              "intensity_reduction": 0.15,
              "volatility_reduction": 0.2,
              "efficiency_boost": 0.22
            }
          },
          "effectiveness": {
            "mean_improvement": "0.0",
            "std_improvement": "0.0",
            "median_improvement": "0.0",
            "improvement_rate": 0.0,
            "significant_improvement_rate": 0.0,
            "max_improvement": "0.0",
            "min_improvement": "0.0",
            "improvement_distribution": {
              "positive": "0",
              "neutral": "4421",
              "negative": "0"
            }
          }
        },
        "{'intensity_reduction': 0.15, 'volatility_reduction': 0.3, 'efficiency_boost': 0.08}": {
          "intervention_result": {
            "intervened_features": "[[0.04785826 0.07785079 0.27515257 0.04785826 0.07785079 0.47457627]\n [0.37981908 0.46134477 0.7776635  0.37981908 0.46134477 0.61016949]\n [0.19026274 0.30710157 0.84898487 0.19026274 0.30710157 0.57627119]\n ...\n [0.81772535 0.87942209 0.94735588 0.81772535 0.87942209 0.6440678 ]\n [0.00662096 0.00907874 1.         0.00662096 0.00907874 0.37288136]\n [0.01076061 0.00964902 1.         0.01076061 0.00964902 0.47457627]]",
            "predicted_outcome": "[0.58007175 0.5899251  0.5557364  ... 0.64806503 0.40994897 0.4419987 ]",
            "intervention_params": {
              "intensity_reduction": 0.15,
              "volatility_reduction": 0.3,
              "efficiency_boost": 0.08
            }
          },
          "effectiveness": {
            "mean_improvement": "0.0",
            "std_improvement": "0.0",
            "median_improvement": "0.0",
            "improvement_rate": 0.0,
            "significant_improvement_rate": 0.0,
            "max_improvement": "0.0",
            "min_improvement": "0.0",
            "improvement_distribution": {
              "positive": "0",
              "neutral": "4421",
              "negative": "0"
            }
          }
        },
        "{'intensity_reduction': 0.15, 'volatility_reduction': 0.3, 'efficiency_boost': 0.15}": {
          "intervention_result": {
            "intervened_features": "[[0.04785826 0.07785079 0.27515257 0.04785826 0.07785079 0.47457627]\n [0.37981908 0.46134477 0.7776635  0.37981908 0.46134477 0.61016949]\n [0.19026274 0.30710157 0.84898487 0.19026274 0.30710157 0.57627119]\n ...\n [0.81772535 0.87942209 0.94735588 0.81772535 0.87942209 0.6440678 ]\n [0.00662096 0.00907874 1.         0.00662096 0.00907874 0.37288136]\n [0.01076061 0.00964902 1.         0.01076061 0.00964902 0.47457627]]",
            "predicted_outcome": "[0.58007175 0.5899251  0.5557364  ... 0.64806503 0.40994897 0.4419987 ]",
            "intervention_params": {
              "intensity_reduction": 0.15,
              "volatility_reduction": 0.3,
              "efficiency_boost": 0.15
            }
          },
          "effectiveness": {
            "mean_improvement": "0.0",
            "std_improvement": "0.0",
            "median_improvement": "0.0",
            "improvement_rate": 0.0,
            "significant_improvement_rate": 0.0,
            "max_improvement": "0.0",
            "min_improvement": "0.0",
            "improvement_distribution": {
              "positive": "0",
              "neutral": "4421",
              "negative": "0"
            }
          }
        },
        "{'intensity_reduction': 0.15, 'volatility_reduction': 0.3, 'efficiency_boost': 0.22}": {
          "intervention_result": {
            "intervened_features": "[[0.04785826 0.07785079 0.27515257 0.04785826 0.07785079 0.47457627]\n [0.37981908 0.46134477 0.7776635  0.37981908 0.46134477 0.61016949]\n [0.19026274 0.30710157 0.84898487 0.19026274 0.30710157 0.57627119]\n ...\n [0.81772535 0.87942209 0.94735588 0.81772535 0.87942209 0.6440678 ]\n [0.00662096 0.00907874 1.         0.00662096 0.00907874 0.37288136]\n [0.01076061 0.00964902 1.         0.01076061 0.00964902 0.47457627]]",
            "predicted_outcome": "[0.58007175 0.5899251  0.5557364  ... 0.64806503 0.40994897 0.4419987 ]",
            "intervention_params": {
              "intensity_reduction": 0.15,
              "volatility_reduction": 0.3,
              "efficiency_boost": 0.22
            }
          },
          "effectiveness": {
            "mean_improvement": "0.0",
            "std_improvement": "0.0",
            "median_improvement": "0.0",
            "improvement_rate": 0.0,
            "significant_improvement_rate": 0.0,
            "max_improvement": "0.0",
            "min_improvement": "0.0",
            "improvement_distribution": {
              "positive": "0",
              "neutral": "4421",
              "negative": "0"
            }
          }
        },
        "{'intensity_reduction': 0.25, 'volatility_reduction': 0.1, 'efficiency_boost': 0.08}": {
          "intervention_result": {
            "intervened_features": "[[0.04785826 0.07785079 0.27515257 0.04785826 0.07785079 0.47457627]\n [0.37981908 0.46134477 0.7776635  0.37981908 0.46134477 0.61016949]\n [0.19026274 0.30710157 0.84898487 0.19026274 0.30710157 0.57627119]\n ...\n [0.81772535 0.87942209 0.94735588 0.81772535 0.87942209 0.6440678 ]\n [0.00662096 0.00907874 1.         0.00662096 0.00907874 0.37288136]\n [0.01076061 0.00964902 1.         0.01076061 0.00964902 0.47457627]]",
            "predicted_outcome": "[0.58007175 0.5899251  0.5557364  ... 0.64806503 0.40994897 0.4419987 ]",
            "intervention_params": {
              "intensity_reduction": 0.25,
              "volatility_reduction": 0.1,
              "efficiency_boost": 0.08
            }
          },
          "effectiveness": {
            "mean_improvement": "0.0",
            "std_improvement": "0.0",
            "median_improvement": "0.0",
            "improvement_rate": 0.0,
            "significant_improvement_rate": 0.0,
            "max_improvement": "0.0",
            "min_improvement": "0.0",
            "improvement_distribution": {
              "positive": "0",
              "neutral": "4421",
              "negative": "0"
            }
          }
        },
        "{'intensity_reduction': 0.25, 'volatility_reduction': 0.1, 'efficiency_boost': 0.15}": {
          "intervention_result": {
            "intervened_features": "[[0.04785826 0.07785079 0.27515257 0.04785826 0.07785079 0.47457627]\n [0.37981908 0.46134477 0.7776635  0.37981908 0.46134477 0.61016949]\n [0.19026274 0.30710157 0.84898487 0.19026274 0.30710157 0.57627119]\n ...\n [0.81772535 0.87942209 0.94735588 0.81772535 0.87942209 0.6440678 ]\n [0.00662096 0.00907874 1.         0.00662096 0.00907874 0.37288136]\n [0.01076061 0.00964902 1.         0.01076061 0.00964902 0.47457627]]",
            "predicted_outcome": "[0.58007175 0.5899251  0.5557364  ... 0.64806503 0.40994897 0.4419987 ]",
            "intervention_params": {
              "intensity_reduction": 0.25,
              "volatility_reduction": 0.1,
              "efficiency_boost": 0.15
            }
          },
          "effectiveness": {
            "mean_improvement": "0.0",
            "std_improvement": "0.0",
            "median_improvement": "0.0",
            "improvement_rate": 0.0,
            "significant_improvement_rate": 0.0,
            "max_improvement": "0.0",
            "min_improvement": "0.0",
            "improvement_distribution": {
              "positive": "0",
              "neutral": "4421",
              "negative": "0"
            }
          }
        },
        "{'intensity_reduction': 0.25, 'volatility_reduction': 0.1, 'efficiency_boost': 0.22}": {
          "intervention_result": {
            "intervened_features": "[[0.04785826 0.07785079 0.27515257 0.04785826 0.07785079 0.47457627]\n [0.37981908 0.46134477 0.7776635  0.37981908 0.46134477 0.61016949]\n [0.19026274 0.30710157 0.84898487 0.19026274 0.30710157 0.57627119]\n ...\n [0.81772535 0.87942209 0.94735588 0.81772535 0.87942209 0.6440678 ]\n [0.00662096 0.00907874 1.         0.00662096 0.00907874 0.37288136]\n [0.01076061 0.00964902 1.         0.01076061 0.00964902 0.47457627]]",
            "predicted_outcome": "[0.58007175 0.5899251  0.5557364  ... 0.64806503 0.40994897 0.4419987 ]",
            "intervention_params": {
              "intensity_reduction": 0.25,
              "volatility_reduction": 0.1,
              "efficiency_boost": 0.22
            }
          },
          "effectiveness": {
            "mean_improvement": "0.0",
            "std_improvement": "0.0",
            "median_improvement": "0.0",
            "improvement_rate": 0.0,
            "significant_improvement_rate": 0.0,
            "max_improvement": "0.0",
            "min_improvement": "0.0",
            "improvement_distribution": {
              "positive": "0",
              "neutral": "4421",
              "negative": "0"
            }
          }
        },
        "{'intensity_reduction': 0.25, 'volatility_reduction': 0.2, 'efficiency_boost': 0.08}": {
          "intervention_result": {
            "intervened_features": "[[0.04785826 0.07785079 0.27515257 0.04785826 0.07785079 0.47457627]\n [0.37981908 0.46134477 0.7776635  0.37981908 0.46134477 0.61016949]\n [0.19026274 0.30710157 0.84898487 0.19026274 0.30710157 0.57627119]\n ...\n [0.81772535 0.87942209 0.94735588 0.81772535 0.87942209 0.6440678 ]\n [0.00662096 0.00907874 1.         0.00662096 0.00907874 0.37288136]\n [0.01076061 0.00964902 1.         0.01076061 0.00964902 0.47457627]]",
            "predicted_outcome": "[0.58007175 0.5899251  0.5557364  ... 0.64806503 0.40994897 0.4419987 ]",
            "intervention_params": {
              "intensity_reduction": 0.25,
              "volatility_reduction": 0.2,
              "efficiency_boost": 0.08
            }
          },
          "effectiveness": {
            "mean_improvement": "0.0",
            "std_improvement": "0.0",
            "median_improvement": "0.0",
            "improvement_rate": 0.0,
            "significant_improvement_rate": 0.0,
            "max_improvement": "0.0",
            "min_improvement": "0.0",
            "improvement_distribution": {
              "positive": "0",
              "neutral": "4421",
              "negative": "0"
            }
          }
        },
        "{'intensity_reduction': 0.25, 'volatility_reduction': 0.2, 'efficiency_boost': 0.15}": {
          "intervention_result": {
            "intervened_features": "[[0.04785826 0.07785079 0.27515257 0.04785826 0.07785079 0.47457627]\n [0.37981908 0.46134477 0.7776635  0.37981908 0.46134477 0.61016949]\n [0.19026274 0.30710157 0.84898487 0.19026274 0.30710157 0.57627119]\n ...\n [0.81772535 0.87942209 0.94735588 0.81772535 0.87942209 0.6440678 ]\n [0.00662096 0.00907874 1.         0.00662096 0.00907874 0.37288136]\n [0.01076061 0.00964902 1.         0.01076061 0.00964902 0.47457627]]",
            "predicted_outcome": "[0.58007175 0.5899251  0.5557364  ... 0.64806503 0.40994897 0.4419987 ]",
            "intervention_params": {
              "intensity_reduction": 0.25,
              "volatility_reduction": 0.2,
              "efficiency_boost": 0.15
            }
          },
          "effectiveness": {
            "mean_improvement": "0.0",
            "std_improvement": "0.0",
            "median_improvement": "0.0",
            "improvement_rate": 0.0,
            "significant_improvement_rate": 0.0,
            "max_improvement": "0.0",
            "min_improvement": "0.0",
            "improvement_distribution": {
              "positive": "0",
              "neutral": "4421",
              "negative": "0"
            }
          }
        },
        "{'intensity_reduction': 0.25, 'volatility_reduction': 0.2, 'efficiency_boost': 0.22}": {
          "intervention_result": {
            "intervened_features": "[[0.04785826 0.07785079 0.27515257 0.04785826 0.07785079 0.47457627]\n [0.37981908 0.46134477 0.7776635  0.37981908 0.46134477 0.61016949]\n [0.19026274 0.30710157 0.84898487 0.19026274 0.30710157 0.57627119]\n ...\n [0.81772535 0.87942209 0.94735588 0.81772535 0.87942209 0.6440678 ]\n [0.00662096 0.00907874 1.         0.00662096 0.00907874 0.37288136]\n [0.01076061 0.00964902 1.         0.01076061 0.00964902 0.47457627]]",
            "predicted_outcome": "[0.58007175 0.5899251  0.5557364  ... 0.64806503 0.40994897 0.4419987 ]",
            "intervention_params": {
              "intensity_reduction": 0.25,
              "volatility_reduction": 0.2,
              "efficiency_boost": 0.22
            }
          },
          "effectiveness": {
            "mean_improvement": "0.0",
            "std_improvement": "0.0",
            "median_improvement": "0.0",
            "improvement_rate": 0.0,
            "significant_improvement_rate": 0.0,
            "max_improvement": "0.0",
            "min_improvement": "0.0",
            "improvement_distribution": {
              "positive": "0",
              "neutral": "4421",
              "negative": "0"
            }
          }
        },
        "{'intensity_reduction': 0.25, 'volatility_reduction': 0.3, 'efficiency_boost': 0.08}": {
          "intervention_result": {
            "intervened_features": "[[0.04785826 0.07785079 0.27515257 0.04785826 0.07785079 0.47457627]\n [0.37981908 0.46134477 0.7776635  0.37981908 0.46134477 0.61016949]\n [0.19026274 0.30710157 0.84898487 0.19026274 0.30710157 0.57627119]\n ...\n [0.81772535 0.87942209 0.94735588 0.81772535 0.87942209 0.6440678 ]\n [0.00662096 0.00907874 1.         0.00662096 0.00907874 0.37288136]\n [0.01076061 0.00964902 1.         0.01076061 0.00964902 0.47457627]]",
            "predicted_outcome": "[0.58007175 0.5899251  0.5557364  ... 0.64806503 0.40994897 0.4419987 ]",
            "intervention_params": {
              "intensity_reduction": 0.25,
              "volatility_reduction": 0.3,
              "efficiency_boost": 0.08
            }
          },
          "effectiveness": {
            "mean_improvement": "0.0",
            "std_improvement": "0.0",
            "median_improvement": "0.0",
            "improvement_rate": 0.0,
            "significant_improvement_rate": 0.0,
            "max_improvement": "0.0",
            "min_improvement": "0.0",
            "improvement_distribution": {
              "positive": "0",
              "neutral": "4421",
              "negative": "0"
            }
          }
        },
        "{'intensity_reduction': 0.25, 'volatility_reduction': 0.3, 'efficiency_boost': 0.15}": {
          "intervention_result": {
            "intervened_features": "[[0.04785826 0.07785079 0.27515257 0.04785826 0.07785079 0.47457627]\n [0.37981908 0.46134477 0.7776635  0.37981908 0.46134477 0.61016949]\n [0.19026274 0.30710157 0.84898487 0.19026274 0.30710157 0.57627119]\n ...\n [0.81772535 0.87942209 0.94735588 0.81772535 0.87942209 0.6440678 ]\n [0.00662096 0.00907874 1.         0.00662096 0.00907874 0.37288136]\n [0.01076061 0.00964902 1.         0.01076061 0.00964902 0.47457627]]",
            "predicted_outcome": "[0.58007175 0.5899251  0.5557364  ... 0.64806503 0.40994897 0.4419987 ]",
            "intervention_params": {
              "intensity_reduction": 0.25,
              "volatility_reduction": 0.3,
              "efficiency_boost": 0.15
            }
          },
          "effectiveness": {
            "mean_improvement": "0.0",
            "std_improvement": "0.0",
            "median_improvement": "0.0",
            "improvement_rate": 0.0,
            "significant_improvement_rate": 0.0,
            "max_improvement": "0.0",
            "min_improvement": "0.0",
            "improvement_distribution": {
              "positive": "0",
              "neutral": "4421",
              "negative": "0"
            }
          }
        },
        "{'intensity_reduction': 0.25, 'volatility_reduction': 0.3, 'efficiency_boost': 0.22}": {
          "intervention_result": {
            "intervened_features": "[[0.04785826 0.07785079 0.27515257 0.04785826 0.07785079 0.47457627]\n [0.37981908 0.46134477 0.7776635  0.37981908 0.46134477 0.61016949]\n [0.19026274 0.30710157 0.84898487 0.19026274 0.30710157 0.57627119]\n ...\n [0.81772535 0.87942209 0.94735588 0.81772535 0.87942209 0.6440678 ]\n [0.00662096 0.00907874 1.         0.00662096 0.00907874 0.37288136]\n [0.01076061 0.00964902 1.         0.01076061 0.00964902 0.47457627]]",
            "predicted_outcome": "[0.58007175 0.5899251  0.5557364  ... 0.64806503 0.40994897 0.4419987 ]",
            "intervention_params": {
              "intensity_reduction": 0.25,
              "volatility_reduction": 0.3,
              "efficiency_boost": 0.22
            }
          },
          "effectiveness": {
            "mean_improvement": "0.0",
            "std_improvement": "0.0",
            "median_improvement": "0.0",
            "improvement_rate": 0.0,
            "significant_improvement_rate": 0.0,
            "max_improvement": "0.0",
            "min_improvement": "0.0",
            "improvement_distribution": {
              "positive": "0",
              "neutral": "4421",
              "negative": "0"
            }
          }
        },
        "{'intensity_reduction': 0.35, 'volatility_reduction': 0.1, 'efficiency_boost': 0.08}": {
          "intervention_result": {
            "intervened_features": "[[0.04785826 0.07785079 0.27515257 0.04785826 0.07785079 0.47457627]\n [0.37981908 0.46134477 0.7776635  0.37981908 0.46134477 0.61016949]\n [0.19026274 0.30710157 0.84898487 0.19026274 0.30710157 0.57627119]\n ...\n [0.81772535 0.87942209 0.94735588 0.81772535 0.87942209 0.6440678 ]\n [0.00662096 0.00907874 1.         0.00662096 0.00907874 0.37288136]\n [0.01076061 0.00964902 1.         0.01076061 0.00964902 0.47457627]]",
            "predicted_outcome": "[0.58007175 0.5899251  0.5557364  ... 0.64806503 0.40994897 0.4419987 ]",
            "intervention_params": {
              "intensity_reduction": 0.35,
              "volatility_reduction": 0.1,
              "efficiency_boost": 0.08
            }
          },
          "effectiveness": {
            "mean_improvement": "0.0",
            "std_improvement": "0.0",
            "median_improvement": "0.0",
            "improvement_rate": 0.0,
            "significant_improvement_rate": 0.0,
            "max_improvement": "0.0",
            "min_improvement": "0.0",
            "improvement_distribution": {
              "positive": "0",
              "neutral": "4421",
              "negative": "0"
            }
          }
        },
        "{'intensity_reduction': 0.35, 'volatility_reduction': 0.1, 'efficiency_boost': 0.15}": {
          "intervention_result": {
            "intervened_features": "[[0.04785826 0.07785079 0.27515257 0.04785826 0.07785079 0.47457627]\n [0.37981908 0.46134477 0.7776635  0.37981908 0.46134477 0.61016949]\n [0.19026274 0.30710157 0.84898487 0.19026274 0.30710157 0.57627119]\n ...\n [0.81772535 0.87942209 0.94735588 0.81772535 0.87942209 0.6440678 ]\n [0.00662096 0.00907874 1.         0.00662096 0.00907874 0.37288136]\n [0.01076061 0.00964902 1.         0.01076061 0.00964902 0.47457627]]",
            "predicted_outcome": "[0.58007175 0.5899251  0.5557364  ... 0.64806503 0.40994897 0.4419987 ]",
            "intervention_params": {
              "intensity_reduction": 0.35,
              "volatility_reduction": 0.1,
              "efficiency_boost": 0.15
            }
          },
          "effectiveness": {
            "mean_improvement": "0.0",
            "std_improvement": "0.0",
            "median_improvement": "0.0",
            "improvement_rate": 0.0,
            "significant_improvement_rate": 0.0,
            "max_improvement": "0.0",
            "min_improvement": "0.0",
            "improvement_distribution": {
              "positive": "0",
              "neutral": "4421",
              "negative": "0"
            }
          }
        },
        "{'intensity_reduction': 0.35, 'volatility_reduction': 0.1, 'efficiency_boost': 0.22}": {
          "intervention_result": {
            "intervened_features": "[[0.04785826 0.07785079 0.27515257 0.04785826 0.07785079 0.47457627]\n [0.37981908 0.46134477 0.7776635  0.37981908 0.46134477 0.61016949]\n [0.19026274 0.30710157 0.84898487 0.19026274 0.30710157 0.57627119]\n ...\n [0.81772535 0.87942209 0.94735588 0.81772535 0.87942209 0.6440678 ]\n [0.00662096 0.00907874 1.         0.00662096 0.00907874 0.37288136]\n [0.01076061 0.00964902 1.         0.01076061 0.00964902 0.47457627]]",
            "predicted_outcome": "[0.58007175 0.5899251  0.5557364  ... 0.64806503 0.40994897 0.4419987 ]",
            "intervention_params": {
              "intensity_reduction": 0.35,
              "volatility_reduction": 0.1,
              "efficiency_boost": 0.22
            }
          },
          "effectiveness": {
            "mean_improvement": "0.0",
            "std_improvement": "0.0",
            "median_improvement": "0.0",
            "improvement_rate": 0.0,
            "significant_improvement_rate": 0.0,
            "max_improvement": "0.0",
            "min_improvement": "0.0",
            "improvement_distribution": {
              "positive": "0",
              "neutral": "4421",
              "negative": "0"
            }
          }
        },
        "{'intensity_reduction': 0.35, 'volatility_reduction': 0.2, 'efficiency_boost': 0.08}": {
          "intervention_result": {
            "intervened_features": "[[0.04785826 0.07785079 0.27515257 0.04785826 0.07785079 0.47457627]\n [0.37981908 0.46134477 0.7776635  0.37981908 0.46134477 0.61016949]\n [0.19026274 0.30710157 0.84898487 0.19026274 0.30710157 0.57627119]\n ...\n [0.81772535 0.87942209 0.94735588 0.81772535 0.87942209 0.6440678 ]\n [0.00662096 0.00907874 1.         0.00662096 0.00907874 0.37288136]\n [0.01076061 0.00964902 1.         0.01076061 0.00964902 0.47457627]]",
            "predicted_outcome": "[0.58007175 0.5899251  0.5557364  ... 0.64806503 0.40994897 0.4419987 ]",
            "intervention_params": {
              "intensity_reduction": 0.35,
              "volatility_reduction": 0.2,
              "efficiency_boost": 0.08
            }
          },
          "effectiveness": {
            "mean_improvement": "0.0",
            "std_improvement": "0.0",
            "median_improvement": "0.0",
            "improvement_rate": 0.0,
            "significant_improvement_rate": 0.0,
            "max_improvement": "0.0",
            "min_improvement": "0.0",
            "improvement_distribution": {
              "positive": "0",
              "neutral": "4421",
              "negative": "0"
            }
          }
        },
        "{'intensity_reduction': 0.35, 'volatility_reduction': 0.2, 'efficiency_boost': 0.15}": {
          "intervention_result": {
            "intervened_features": "[[0.04785826 0.07785079 0.27515257 0.04785826 0.07785079 0.47457627]\n [0.37981908 0.46134477 0.7776635  0.37981908 0.46134477 0.61016949]\n [0.19026274 0.30710157 0.84898487 0.19026274 0.30710157 0.57627119]\n ...\n [0.81772535 0.87942209 0.94735588 0.81772535 0.87942209 0.6440678 ]\n [0.00662096 0.00907874 1.         0.00662096 0.00907874 0.37288136]\n [0.01076061 0.00964902 1.         0.01076061 0.00964902 0.47457627]]",
            "predicted_outcome": "[0.58007175 0.5899251  0.5557364  ... 0.64806503 0.40994897 0.4419987 ]",
            "intervention_params": {
              "intensity_reduction": 0.35,
              "volatility_reduction": 0.2,
              "efficiency_boost": 0.15
            }
          },
          "effectiveness": {
            "mean_improvement": "0.0",
            "std_improvement": "0.0",
            "median_improvement": "0.0",
            "improvement_rate": 0.0,
            "significant_improvement_rate": 0.0,
            "max_improvement": "0.0",
            "min_improvement": "0.0",
            "improvement_distribution": {
              "positive": "0",
              "neutral": "4421",
              "negative": "0"
            }
          }
        },
        "{'intensity_reduction': 0.35, 'volatility_reduction': 0.2, 'efficiency_boost': 0.22}": {
          "intervention_result": {
            "intervened_features": "[[0.04785826 0.07785079 0.27515257 0.04785826 0.07785079 0.47457627]\n [0.37981908 0.46134477 0.7776635  0.37981908 0.46134477 0.61016949]\n [0.19026274 0.30710157 0.84898487 0.19026274 0.30710157 0.57627119]\n ...\n [0.81772535 0.87942209 0.94735588 0.81772535 0.87942209 0.6440678 ]\n [0.00662096 0.00907874 1.         0.00662096 0.00907874 0.37288136]\n [0.01076061 0.00964902 1.         0.01076061 0.00964902 0.47457627]]",
            "predicted_outcome": "[0.58007175 0.5899251  0.5557364  ... 0.64806503 0.40994897 0.4419987 ]",
            "intervention_params": {
              "intensity_reduction": 0.35,
              "volatility_reduction": 0.2,
              "efficiency_boost": 0.22
            }
          },
          "effectiveness": {
            "mean_improvement": "0.0",
            "std_improvement": "0.0",
            "median_improvement": "0.0",
            "improvement_rate": 0.0,
            "significant_improvement_rate": 0.0,
            "max_improvement": "0.0",
            "min_improvement": "0.0",
            "improvement_distribution": {
              "positive": "0",
              "neutral": "4421",
              "negative": "0"
            }
          }
        },
        "{'intensity_reduction': 0.35, 'volatility_reduction': 0.3, 'efficiency_boost': 0.08}": {
          "intervention_result": {
            "intervened_features": "[[0.04785826 0.07785079 0.27515257 0.04785826 0.07785079 0.47457627]\n [0.37981908 0.46134477 0.7776635  0.37981908 0.46134477 0.61016949]\n [0.19026274 0.30710157 0.84898487 0.19026274 0.30710157 0.57627119]\n ...\n [0.81772535 0.87942209 0.94735588 0.81772535 0.87942209 0.6440678 ]\n [0.00662096 0.00907874 1.         0.00662096 0.00907874 0.37288136]\n [0.01076061 0.00964902 1.         0.01076061 0.00964902 0.47457627]]",
            "predicted_outcome": "[0.58007175 0.5899251  0.5557364  ... 0.64806503 0.40994897 0.4419987 ]",
            "intervention_params": {
              "intensity_reduction": 0.35,
              "volatility_reduction": 0.3,
              "efficiency_boost": 0.08
            }
          },
          "effectiveness": {
            "mean_improvement": "0.0",
            "std_improvement": "0.0",
            "median_improvement": "0.0",
            "improvement_rate": 0.0,
            "significant_improvement_rate": 0.0,
            "max_improvement": "0.0",
            "min_improvement": "0.0",
            "improvement_distribution": {
              "positive": "0",
              "neutral": "4421",
              "negative": "0"
            }
          }
        },
        "{'intensity_reduction': 0.35, 'volatility_reduction': 0.3, 'efficiency_boost': 0.15}": {
          "intervention_result": {
            "intervened_features": "[[0.04785826 0.07785079 0.27515257 0.04785826 0.07785079 0.47457627]\n [0.37981908 0.46134477 0.7776635  0.37981908 0.46134477 0.61016949]\n [0.19026274 0.30710157 0.84898487 0.19026274 0.30710157 0.57627119]\n ...\n [0.81772535 0.87942209 0.94735588 0.81772535 0.87942209 0.6440678 ]\n [0.00662096 0.00907874 1.         0.00662096 0.00907874 0.37288136]\n [0.01076061 0.00964902 1.         0.01076061 0.00964902 0.47457627]]",
            "predicted_outcome": "[0.58007175 0.5899251  0.5557364  ... 0.64806503 0.40994897 0.4419987 ]",
            "intervention_params": {
              "intensity_reduction": 0.35,
              "volatility_reduction": 0.3,
              "efficiency_boost": 0.15
            }
          },
          "effectiveness": {
            "mean_improvement": "0.0",
            "std_improvement": "0.0",
            "median_improvement": "0.0",
            "improvement_rate": 0.0,
            "significant_improvement_rate": 0.0,
            "max_improvement": "0.0",
            "min_improvement": "0.0",
            "improvement_distribution": {
              "positive": "0",
              "neutral": "4421",
              "negative": "0"
            }
          }
        },
        "{'intensity_reduction': 0.35, 'volatility_reduction': 0.3, 'efficiency_boost': 0.22}": {
          "intervention_result": {
            "intervened_features": "[[0.04785826 0.07785079 0.27515257 0.04785826 0.07785079 0.47457627]\n [0.37981908 0.46134477 0.7776635  0.37981908 0.46134477 0.61016949]\n [0.19026274 0.30710157 0.84898487 0.19026274 0.30710157 0.57627119]\n ...\n [0.81772535 0.87942209 0.94735588 0.81772535 0.87942209 0.6440678 ]\n [0.00662096 0.00907874 1.         0.00662096 0.00907874 0.37288136]\n [0.01076061 0.00964902 1.         0.01076061 0.00964902 0.47457627]]",
            "predicted_outcome": "[0.58007175 0.5899251  0.5557364  ... 0.64806503 0.40994897 0.4419987 ]",
            "intervention_params": {
              "intensity_reduction": 0.35,
              "volatility_reduction": 0.3,
              "efficiency_boost": 0.22
            }
          },
          "effectiveness": {
            "mean_improvement": "0.0",
            "std_improvement": "0.0",
            "median_improvement": "0.0",
            "improvement_rate": 0.0,
            "significant_improvement_rate": 0.0,
            "max_improvement": "0.0",
            "min_improvement": "0.0",
            "improvement_distribution": {
              "positive": "0",
              "neutral": "4421",
              "negative": "0"
            }
          }
        }
      },
      "best_parameters": "{'intensity_reduction': 0.15, 'volatility_reduction': 0.1, 'efficiency_boost': 0.08}",
      "best_improvement": "0.0"
    },
    "adaptive_intervention": {
      "strategy_info": {
        "name": "\u81ea\u9002\u5e94\u5e72\u9884",
        "description": "\u6839\u636e\u5f53\u524d\u72b6\u6001\u81ea\u9002\u5e94\u8c03\u6574\u7684\u5e72\u9884\u7b56\u7565",
        "target_features": [
          "wt_mean",
          "wt_std"
        ],
        "intervention_type": "adaptive",
        "parameters": {
          "baseline_threshold": 0.5,
          "intervention_strength": [
            0.1,
            0.2,
            0.3,
            0.4,
            0.5
          ]
        }
      },
      "parameter_results": {
        "{'baseline_threshold': 0.5, 'intervention_strength': 0.1}": {
          "intervention_result": {
            "intervened_features": "[[0.04785826 0.07785079 0.27515257 0.04785826 0.07785079 0.47457627]\n [0.37981908 0.46134477 0.7776635  0.37981908 0.46134477 0.61016949]\n [0.19026274 0.30710157 0.84898487 0.19026274 0.30710157 0.57627119]\n ...\n [0.73595282 0.79147988 0.94735588 0.81772535 0.87942209 0.6440678 ]\n [0.00662096 0.00907874 1.         0.00662096 0.00907874 0.37288136]\n [0.01076061 0.00964902 1.         0.01076061 0.00964902 0.47457627]]",
            "predicted_outcome": "[0.58007175 0.5899251  0.5557364  ... 0.64251804 0.40994897 0.4419987 ]",
            "intervention_params": {
              "baseline_threshold": 0.5,
              "intervention_strength": 0.1
            }
          },
          "effectiveness": {
            "mean_improvement": "-0.0007583554",
            "std_improvement": "0.0014522797",
            "median_improvement": "0.0",
            "improvement_rate": 0.00022619316896629722,
            "significant_improvement_rate": 0.0,
            "max_improvement": "2.9206276e-06",
            "min_improvement": "-0.006907165",
            "improvement_distribution": {
              "positive": "1",
              "neutral": "4421",
              "negative": "0"
            }
          }
        },
        "{'baseline_threshold': 0.5, 'intervention_strength': 0.2}": {
          "intervention_result": {
            "intervened_features": "[[0.04785826 0.07785079 0.27515257 0.04785826 0.07785079 0.47457627]\n [0.37981908 0.46134477 0.7776635  0.37981908 0.46134477 0.61016949]\n [0.19026274 0.30710157 0.84898487 0.19026274 0.30710157 0.57627119]\n ...\n [0.65418028 0.70353767 0.94735588 0.81772535 0.87942209 0.6440678 ]\n [0.00662096 0.00907874 1.         0.00662096 0.00907874 0.37288136]\n [0.01076061 0.00964902 1.         0.01076061 0.00964902 0.47457627]]",
            "predicted_outcome": "[0.58007175 0.5899251  0.5557364  ... 0.6364498  0.40994897 0.4419987 ]",
            "intervention_params": {
              "baseline_threshold": 0.5,
              "intervention_strength": 0.2
            }
          },
          "effectiveness": {
            "mean_improvement": "-0.0014940466",
            "std_improvement": "0.002877607",
            "median_improvement": "0.0",
            "improvement_rate": 0.0,
            "significant_improvement_rate": 0.0,
            "max_improvement": "0.0",
            "min_improvement": "-0.013963342",
            "improvement_distribution": {
              "positive": "0",
              "neutral": "4349",
              "negative": "72"
            }
          }
        },
        "{'baseline_threshold': 0.5, 'intervention_strength': 0.3}": {
          "intervention_result": {
            "intervened_features": "[[0.04785826 0.07785079 0.27515257 0.04785826 0.07785079 0.47457627]\n [0.37981908 0.46134477 0.7776635  0.37981908 0.46134477 0.61016949]\n [0.19026274 0.30710157 0.84898487 0.19026274 0.30710157 0.57627119]\n ...\n [0.57240775 0.61559546 0.94735588 0.81772535 0.87942209 0.6440678 ]\n [0.00662096 0.00907874 1.         0.00662096 0.00907874 0.37288136]\n [0.01076061 0.00964902 1.         0.01076061 0.00964902 0.47457627]]",
            "predicted_outcome": "[0.58007175 0.5899251  0.5557364  ... 0.630211   0.40994897 0.4419987 ]",
            "intervention_params": {
              "baseline_threshold": 0.5,
              "intervention_strength": 0.3
            }
          },
          "effectiveness": {
            "mean_improvement": "-0.002184439",
            "std_improvement": "0.0042281393",
            "median_improvement": "0.0",
            "improvement_rate": 0.0,
            "significant_improvement_rate": 0.0,
            "max_improvement": "0.0",
            "min_improvement": "-0.021009982",
            "improvement_distribution": {
              "positive": "0",
              "neutral": "4021",
              "negative": "400"
            }
          }
        },
        "{'baseline_threshold': 0.5, 'intervention_strength': 0.4}": {
          "intervention_result": {
            "intervened_features": "[[0.04785826 0.07785079 0.27515257 0.04785826 0.07785079 0.47457627]\n [0.37981908 0.46134477 0.7776635  0.37981908 0.46134477 0.61016949]\n [0.19026274 0.30710157 0.84898487 0.19026274 0.30710157 0.57627119]\n ...\n [0.49063521 0.52765325 0.94735588 0.81772535 0.87942209 0.6440678 ]\n [0.00662096 0.00907874 1.         0.00662096 0.00907874 0.37288136]\n [0.01076061 0.00964902 1.         0.01076061 0.00964902 0.47457627]]",
            "predicted_outcome": "[0.58007175 0.5899251  0.5557364  ... 0.6245655  0.40994897 0.4419987 ]",
            "intervention_params": {
              "baseline_threshold": 0.5,
              "intervention_strength": 0.4
            }
          },
          "effectiveness": {
            "mean_improvement": "-0.0028207945",
            "std_improvement": "0.0054754354",
            "median_improvement": "0.0",
            "improvement_rate": 0.0,
            "significant_improvement_rate": 0.0,
            "max_improvement": "0.0",
            "min_improvement": "-0.027936697",
            "improvement_distribution": {
              "positive": "0",
              "neutral": "3819",
              "negative": "602"
            }
          }
        },
        "{'baseline_threshold': 0.5, 'intervention_strength': 0.5}": {
          "intervention_result": {
            "intervened_features": "[[0.04785826 0.07785079 0.27515257 0.04785826 0.07785079 0.47457627]\n [0.37981908 0.46134477 0.7776635  0.37981908 0.46134477 0.61016949]\n [0.19026274 0.30710157 0.84898487 0.19026274 0.30710157 0.57627119]\n ...\n [0.40886268 0.43971105 0.94735588 0.81772535 0.87942209 0.6440678 ]\n [0.00662096 0.00907874 1.         0.00662096 0.00907874 0.37288136]\n [0.01076061 0.00964902 1.         0.01076061 0.00964902 0.47457627]]",
            "predicted_outcome": "[0.58007175 0.5899251  0.5557364  ... 0.62040395 0.40994897 0.4419987 ]",
            "intervention_params": {
              "baseline_threshold": 0.5,
              "intervention_strength": 0.5
            }
          },
          "effectiveness": {
            "mean_improvement": "-0.0034130185",
            "std_improvement": "0.006627661",
            "median_improvement": "0.0",
            "improvement_rate": 0.00022619316896629722,
            "significant_improvement_rate": 0.0,
            "max_improvement": "6.622076e-05",
            "min_improvement": "-0.034946144",
            "improvement_distribution": {
              "positive": "1",
              "neutral": "3635",
              "negative": "786"
            }
          }
        }
      },
      "best_parameters": "{'baseline_threshold': 0.5, 'intervention_strength': 0.1}",
      "best_improvement": "-0.0007583554"
    }
  }
}