parameter_name,column_name,priority_level,theoretical_weight,data_type,nan_count,nan_percentage,mean_value,std_value,min_value,max_value,zero_variance,selection_reason,recommended,vif_score
hrv_rmssd,RMSSD,priority_1_core_physiological,1.0,float64,0,0.0,14.97870699957125,4.122601887631464,5.529742165800327,26.62947662745885,False,"理论优先级匹配: ['rmssd', 'rmssd_rel_rr', 'sd1']",否 (VIF≥5),5.0
hrv_rmssd,SDRR_RMSSD,priority_1_core_physiological,1.0,float64,0,0.0,7.3938694204304705,5.14409698801522,2.660381108958855,54.52395004511578,False,"理论优先级匹配: ['rmssd', 'rmssd_rel_rr', 'sd1']",否 (VIF≥5),5.0
hrv_rmssd,SD1,priority_1_core_physiological,1.0,float64,0,0.0,10.59456303696931,2.9160950877362306,3.911343972227042,18.83610739902807,False,"理论优先级匹配: ['rmssd', 'rmssd_rel_rr', 'sd1']",否 (VIF≥5),5.0
hrv_rmssd,RMSSD_REL_RR,priority_1_core_physiological,1.0,float64,0,0.0,0.009700365231051599,0.0038956490130627477,0.0032198019160553,0.0269554213018745,False,"理论优先级匹配: ['rmssd', 'rmssd_rel_rr', 'sd1']",否 (VIF≥5),5.0
hrv_rmssd,SDRR_RMSSD_REL_RR,priority_1_core_physiological,1.0,float64,0,0.0,2.0069446625637597,0.3759863532122833,1.169341556136481,3.724133754029495,False,"理论优先级匹配: ['rmssd', 'rmssd_rel_rr', 'sd1']",否 (VIF≥5),5.0
hrv_sdnn,SDRR,priority_1_core_physiological,1.0,float64,0,0.0,109.30294142222542,77.06573780508896,27.23394650657078,563.4869491416354,False,"理论优先级匹配: ['sdnn', 'sdrr', 'sd2']",否 (VIF≥5),5.0
hrv_sdnn,SDRR_RMSSD,priority_1_core_physiological,1.0,float64,0,0.0,7.3938694204304705,5.14409698801522,2.660381108958855,54.52395004511578,False,"理论优先级匹配: ['sdnn', 'sdrr', 'sd2']",否 (VIF≥5),5.0
hrv_sdnn,SD2,priority_1_core_physiological,1.0,float64,0,0.0,154.10860089748334,109.09772099478013,38.30774470670728,796.8529451335228,False,"理论优先级匹配: ['sdnn', 'sdrr', 'sd2']",否 (VIF≥5),5.0
hrv_sdnn,SDRR_REL_RR,priority_1_core_physiological,1.0,float64,0,0.0,0.01856954379973217,0.005454303347116717,0.0089866339362366,0.0365750932033459,False,"理论优先级匹配: ['sdnn', 'sdrr', 'sd2']",否 (VIF≥5),5.0
hrv_sdnn,SDRR_RMSSD_REL_RR,priority_1_core_physiological,1.0,float64,0,0.0,2.0069446625637597,0.3759863532122833,1.169341556136481,3.724133754029495,False,"理论优先级匹配: ['sdnn', 'sdrr', 'sd2']",否 (VIF≥5),5.0
hr_mean,HR,priority_1_core_physiological,1.0,float64,0,0.0,73.93757342404645,10.335768834595546,48.7369858845792,113.7542534079228,False,"理论优先级匹配: ['hr', 'heart_rate_bpm', 'hr_mean']",否 (VIF≥5),5.0
ibi,MEAN_RR,priority_1_core_physiological,1.0,float64,0,0.0,846.670724211551,124.58571124248363,547.4838022466666,1322.01695712,False,"理论优先级匹配: ['ibi', 'rr', 'ibi_s', 'mean_rr', 'median_rr']",否 (VIF≥5),5.0
ibi,MEDIAN_RR,priority_1_core_physiological,1.0,float64,0,0.0,841.9805946787401,132.28641394126777,517.293295,1653.12225,False,"理论优先级匹配: ['ibi', 'rr', 'ibi_s', 'mean_rr', 'median_rr']",否 (VIF≥5),5.0
ibi,SDRR,priority_1_core_physiological,1.0,float64,0,0.0,109.30294142222542,77.06573780508896,27.23394650657078,563.4869491416354,False,"理论优先级匹配: ['ibi', 'rr', 'ibi_s', 'mean_rr', 'median_rr']",否 (VIF≥5),5.0
ibi,SDRR_RMSSD,priority_1_core_physiological,1.0,float64,0,0.0,7.3938694204304705,5.14409698801522,2.660381108958855,54.52395004511578,False,"理论优先级匹配: ['ibi', 'rr', 'ibi_s', 'mean_rr', 'median_rr']",否 (VIF≥5),5.0
ibi,MEAN_REL_RR,priority_1_core_physiological,1.0,float64,0,0.0,-1.5837978344753902e-06,0.00016292762832864413,-0.0012752404387358,0.0012440975603574,False,"理论优先级匹配: ['ibi', 'rr', 'ibi_s', 'mean_rr', 'median_rr']",否 (VIF≥5),5.0
ibi,MEDIAN_REL_RR,priority_1_core_physiological,1.0,float64,0,0.0,-0.0004654723018162431,0.000867313233009433,-0.0044254224876398,0.0020954342602987,False,"理论优先级匹配: ['ibi', 'rr', 'ibi_s', 'mean_rr', 'median_rr']",否 (VIF≥5),5.0
ibi,SDRR_REL_RR,priority_1_core_physiological,1.0,float64,0,0.0,0.01856954379973217,0.005454303347116717,0.0089866339362366,0.0365750932033459,False,"理论优先级匹配: ['ibi', 'rr', 'ibi_s', 'mean_rr', 'median_rr']",否 (VIF≥5),5.0
ibi,RMSSD_REL_RR,priority_1_core_physiological,1.0,float64,0,0.0,0.009700365231051599,0.0038956490130627477,0.0032198019160553,0.0269554213018745,False,"理论优先级匹配: ['ibi', 'rr', 'ibi_s', 'mean_rr', 'median_rr']",否 (VIF≥5),5.0
ibi,SDSD_REL_RR,priority_1_core_physiological,1.0,float64,0,0.0,0.009700348458595225,0.0038956479586246596,0.0032197912139518,0.0269554205595284,False,"理论优先级匹配: ['ibi', 'rr', 'ibi_s', 'mean_rr', 'median_rr']",否 (VIF≥5),5.0
ibi,SDRR_RMSSD_REL_RR,priority_1_core_physiological,1.0,float64,0,0.0,2.0069446625637597,0.3759863532122833,1.169341556136481,3.724133754029495,False,"理论优先级匹配: ['ibi', 'rr', 'ibi_s', 'mean_rr', 'median_rr']",否 (VIF≥5),5.0
ibi,KURT_REL_RR,priority_1_core_physiological,1.0,float64,0,0.0,0.5229835075207628,1.7905024057731298,-1.894830652354012,64.0881070080049,False,"理论优先级匹配: ['ibi', 'rr', 'ibi_s', 'mean_rr', 'median_rr']",否 (VIF≥5),5.0
ibi,SKEW_REL_RR,priority_1_core_physiological,1.0,float64,0,0.0,0.04195839750775827,0.6990081228947169,-2.136278234011955,6.777800226330397,False,"理论优先级匹配: ['ibi', 'rr', 'ibi_s', 'mean_rr', 'median_rr']",否 (VIF≥5),5.0
stress_label,condition,priority_3_clinical_subjective,0.3,object,0,0.0,N/A,N/A,N/A,N/A,False,"理论优先级匹配: ['condition', 'stress_level', 'mental_health_condition', 'stress_condition']",是,N/A
