parameter_name,column_name,priority_level,theoretical_weight,data_type,nan_count,nan_percentage,mean_value,std_value,min_value,max_value,zero_variance,selection_reason,recommended,vif_score
eda,foot,priority_1_core_physiological,1.0,float64,8,0.0,819.1591215016277,2978.921203123508,-15493.0,30510.0,False,"理论优先级匹配: ['eda', 'gsr', 'foot', 'hand']",否 (VIF≥5),5.0
eda,hand,priority_1_core_physiological,1.0,float64,152900,11.53,843.1462637307374,2989.257658331838,-17129.0,30510.0,False,"理论优先级匹配: ['eda', 'gsr', 'foot', 'hand']",否 (VIF≥5),5.0
hr_mean,hr,priority_1_core_physiological,1.0,float64,247283,18.65,877.584730711546,2776.7449418826914,-11679.0,22237.0,False,"理论优先级匹配: ['hr', 'heart_rate_bpm', 'hr_mean']",是,1.02
respiration,resp,priority_2_regulatory_variables,0.6,float64,7,0.0,806.3272527641578,3015.3582777945057,-11679.0,30510.0,False,"理论优先级匹配: ['resp', 'respiration']",否 (VIF≥5),31.49
