parameter_name,column_name,priority_level,theoretical_weight,data_type,nan_count,nan_percentage,mean_value,std_value,min_value,max_value,zero_variance,selection_reason,recommended,vif_score
eda,EDA,priority_1_core_physiological,1.0,float64,46229,11.14,3653.1707947903224,16326.224446774151,-32767.0,32767.0,False,"理论优先级匹配: ['eda', 'gsr', 'foot', 'hand']",是,1.05
hr_mean,hr,priority_1_core_physiological,1.0,float64,368852,88.86,-6453.329836249973,18273.777701939038,-32767.0,32767.0,False,"理论优先级匹配: ['hr', 'heart_rate_bpm', 'hr_mean']",否,N/A
temperature,temp,priority_2_regulatory_variables,0.6,float64,46229,11.14,5163.693871796818,14475.695994757785,-32767.0,32767.0,False,"理论优先级匹配: ['temp', 'temperature']",是,1.03
acceleration,ax,priority_2_regulatory_variables,0.6,float64,46229,11.14,-5500.489581187035,15177.682862772048,-32767.0,32767.0,False,"理论优先级匹配: ['acc', 'activity', 'steps', 'vector_magnitude', 'ax', 'ay', 'az', 'acceleration']",是,1.04
acceleration,ay,priority_2_regulatory_variables,0.6,float64,46229,11.14,1386.0114137919816,12698.248165861896,-32767.0,32767.0,False,"理论优先级匹配: ['acc', 'activity', 'steps', 'vector_magnitude', 'ax', 'ay', 'az', 'acceleration']",是,1.03
acceleration,az,priority_2_regulatory_variables,0.6,float64,46229,11.14,5638.489836031796,12994.139859008066,-32767.0,32767.0,False,"理论优先级匹配: ['acc', 'activity', 'steps', 'vector_magnitude', 'ax', 'ay', 'az', 'acceleration']",是,1.03
