parameter_name,column_name,priority_level,theoretical_weight,description,data_type,nan_count,nan_percentage,mean_value,std_value,min_value,max_value,selection_reason,vif_status,recommended
hrv_sdnn,sdnn,priority_1_core_physiological,1.0,核心生理标记，直接反映ANS活动和急性压力,float64,0,0.0,99.75171737223617,43.115484812902544,0.0,393.3516308119309,"理论优先级匹配: ['sdnn', 'sdrr', 'sd2']",未计算,是
hrv_rmssd,rmssd,priority_1_core_physiological,1.0,核心生理标记，直接反映ANS活动和急性压力,float64,2007,2.52,110.15159293697778,63.67618623366187,0.0,855.8391882673861,"理论优先级匹配: ['rmssd', 'rmssd_rel_rr', 'sd1']",未计算,是
hr_mean,HR,priority_1_core_physiological,0.9,核心生理标记，直接反映ANS活动和急性压力,float64,0,0.0,83.57841216746239,15.74202119651548,39.562038900067066,200.2244897959184,"理论优先级匹配: ['hr', 'heart_rate_bpm']",未计算,是
ibi,ibi,priority_1_core_physiological,0.9,核心生理标记，直接反映ANS活动和急性压力,float64,0,0.0,807.4617092564511,162.92788062057753,55.891304347826086,1892.8603351955308,"理论优先级匹配: ['ibi', 'rr', 'ibi_s', 'mean_rr', 'median_rr']",未计算,是
acceleration,acc_x_avg,priority_2_regulatory_variables,0.5,调节变量，提供压力响应的上下文,float64,555,0.7,0.9971959352601919,3.844940551375239,-13.510235449999994,11.129367432685878,"理论优先级匹配: ['acc', 'activity', 'steps', 'vector_magnitude', 'ax', 'ay', 'az']",未计算,是
acceleration,acc_y_avg,priority_2_regulatory_variables,0.5,调节变量，提供压力响应的上下文,float64,555,0.7,-4.017312629356797,3.7196525229322392,-10.290682000000002,9.631205570175442,"理论优先级匹配: ['acc', 'activity', 'steps', 'vector_magnitude', 'ax', 'ay', 'az']",未计算,是
acceleration,acc_z_avg,priority_2_regulatory_variables,0.5,调节变量，提供压力响应的上下文,float64,555,0.7,3.402220493191657,3.813451387268208,-10.025867642140469,10.000609722520124,"理论优先级匹配: ['acc', 'activity', 'steps', 'vector_magnitude', 'ax', 'ay', 'az']",未计算,是
acceleration,steps,priority_2_regulatory_variables,0.5,调节变量，提供压力响应的上下文,float64,44380,55.73,7.58273804155222,26.63591235497854,0.0,810.0,"理论优先级匹配: ['acc', 'activity', 'steps', 'vector_magnitude', 'ax', 'ay', 'az']",未计算,否
