parameter_name,column_name,priority_level,theoretical_weight,data_type,nan_count,nan_percentage,mean_value,std_value,min_value,max_value,zero_variance,selection_reason,recommended,vif_score
ibi,ibi_timestamp,priority_1_core_physiological,1.0,float64,1300,0.76,11628.815681877046,5234.2041296975995,4273.065299072222,18289.35783999264,False,"理论优先级匹配: ['ibi', 'rr', 'ibi_s', 'mean_rr', 'median_rr']",是,2.11
ibi,ibi_ibi,priority_1_core_physiological,1.0,float64,1300,0.76,0.7375870173287514,0.08813228373394144,0.555150462962963,0.8689814814814815,False,"理论优先级匹配: ['ibi', 'rr', 'ibi_s', 'mean_rr', 'median_rr']",是,2.46
hr_mean,hr,priority_1_core_physiological,1.0,float64,170010,100.0,,,,,False,"理论优先级匹配: ['hr', 'heart_rate_bpm', 'hr_mean']",否,N/A
hr_mean,hr_hr,priority_1_core_physiological,1.0,float64,170010,100.0,,,,,False,"理论优先级匹配: ['hr', 'heart_rate_bpm', 'hr_mean']",否,N/A
eda,eda_eda,priority_1_core_physiological,1.0,float64,170010,100.0,,,,,False,"理论优先级匹配: ['eda', 'gsr', 'foot', 'hand']",否,N/A
acceleration,acc_acc_x,priority_2_regulatory_variables,0.6,float64,0,0.0,-8.097123684717785,35.23771628569026,-44.35513896289064,39.868869637161154,False,"理论优先级匹配: ['acc', 'activity', 'steps', 'vector_magnitude', 'ax', 'ay', 'az', 'acceleration']",否 (VIF≥5),5.33
acceleration,acc_acc_y,priority_2_regulatory_variables,0.6,float64,0,0.0,-0.5118287933460343,7.747936190248905,-11.55252533372939,54.8309236246096,False,"理论优先级匹配: ['acc', 'activity', 'steps', 'vector_magnitude', 'ax', 'ay', 'az', 'acceleration']",是,2.96
acceleration,acc_acc_z,priority_2_regulatory_variables,0.6,float64,0,0.0,21.98908202711985,5.817497692754821,-2.79736606460349,123.50643614101976,False,"理论优先级匹配: ['acc', 'activity', 'steps', 'vector_magnitude', 'ax', 'ay', 'az', 'acceleration']",是,1.82
acceleration,acc_acceleration,priority_2_regulatory_variables,0.6,float64,0,0.0,64.59443626355397,1.3705702675538027,63.651155274276185,135.31677703374734,False,"理论优先级匹配: ['acc', 'activity', 'steps', 'vector_magnitude', 'ax', 'ay', 'az', 'acceleration']",是,2.89
temperature,temp_temp,priority_2_regulatory_variables,0.6,float64,170010,100.0,,,,,False,"理论优先级匹配: ['temp', 'temperature']",否,N/A
