parameter_name,column_name,priority_level,theoretical_weight,data_type,nan_count,nan_percentage,mean_value,std_value,min_value,max_value,zero_variance,selection_reason,recommended,vif_score
hrv_sdnn,sdnn,priority_1_core_physiological,1.0,float64,4,0.01,3.9258969515218694e-16,1.0,-2.445220422347922,4.676196188972983,False,"理论优先级匹配: ['sdnn', 'sdrr', 'sd2']",是,3.81
hr_mean,HR,priority_1_core_physiological,1.0,float64,4,0.01,5.767499521508492e-16,1.0,-2.7177481928202947,7.042206819034678,False,"理论优先级匹配: ['hr', 'heart_rate_bpm', 'hr_mean']",是,2.13
ibi,ibi,priority_1_core_physiological,1.0,float64,4,0.01,4.111484807411994e-16,1.0,-3.4275296755808005,4.930838880120798,False,"理论优先级匹配: ['ibi', 'rr', 'ibi_s', 'mean_rr', 'median_rr']",是,1.9
hrv_rmssd,rmssd,priority_1_core_physiological,1.0,float64,2011,2.53,-2.4603736715143366e-16,1.0,-2.029843554267394,6.015523067934548,False,"理论优先级匹配: ['rmssd', 'rmssd_rel_rr', 'sd1']",是,3.83
acceleration,acc_x_avg,priority_2_regulatory_variables,0.6,float64,559,0.7,0.0,0.9999999999999999,-3.8956372131651147,2.816999602159455,False,"理论优先级匹配: ['acc', 'activity', 'steps', 'vector_magnitude', 'ax', 'ay', 'az', 'acceleration']",是,1.15
acceleration,acc_y_avg,priority_2_regulatory_variables,0.6,float64,559,0.7,-4.8879014700745385e-17,1.0,-1.9479479630188343,4.384217463080221,False,"理论优先级匹配: ['acc', 'activity', 'steps', 'vector_magnitude', 'ax', 'ay', 'az', 'acceleration']",是,1.05
acceleration,acc_z_avg,priority_2_regulatory_variables,0.6,float64,559,0.7,9.200755708375601e-17,1.0,-4.23641152180369,2.0210160297540694,False,"理论优先级匹配: ['acc', 'activity', 'steps', 'vector_magnitude', 'ax', 'ay', 'az', 'acceleration']",是,1.04
acceleration,steps,priority_2_regulatory_variables,0.6,float64,44384,55.73,-1.6123505562560776e-17,1.0,-0.37914348836798334,21.77067578311706,False,"理论优先级匹配: ['acc', 'activity', 'steps', 'vector_magnitude', 'ax', 'ay', 'az', 'acceleration']",否,N/A
