parameter_name,column_name,priority_level,theoretical_weight,data_type,nan_count,nan_percentage,mean_value,std_value,min_value,max_value,zero_variance,selection_reason,recommended,vif_score
hr_mean,Heart_Rate_BPM,priority_1_core_physiological,1.0,float64,4,0.04,3.7744917235755623e-16,1.0,-2.4581794789896265,2.585617293297536,False,"理论优先级匹配: ['hr', 'heart_rate_bpm', 'hr_mean']",是,1.04
acceleration,Physical_Activity_Steps,priority_2_regulatory_variables,0.6,float64,4,0.04,-7.108270665867349e-17,1.0,-2.5616106991856697,2.50605151317165,False,"理论优先级匹配: ['acc', 'activity', 'steps', 'vector_magnitude', 'ax', 'ay', 'az', 'acceleration']",是,1.0
phq_9,Mood_Rating,priority_3_clinical_subjective,0.3,float64,4,0.04,-1.812609019796174e-16,1.0,-2.4444358874829706,2.3370486056983357,False,"理论优先级匹配: ['phq_9', 'phq9', 'mood_rating']",是,1.0
stress_label,Mental_Health_Condition,priority_3_clinical_subjective,0.3,float64,4,0.04,1.222622554529184e-16,0.9999999999999998,-1.061246160778107,0.9421941835350107,False,"理论优先级匹配: ['condition', 'stress_level', 'mental_health_condition', 'stress_condition']",是,1.04
