{
  "project_info": {
    "name": "Physiological Signal Analysis Project",
    "completion_date": "2025-10-05T22:01:58.201486",
    "total_steps_completed": 10,
    "status": "Successfully Completed",
    "total_datasets": 8,
    "total_data_points": "25,000,000+",
    "gpu_acceleration": true,
    "multi_threading": true
  },
  "delivery_structure": {
    "01_data_processing": "Complete data preprocessing and feature engineering results",
    "02_model_validation": "Model performance validation and comparison results",
    "03_cross_dataset_analysis": "Cross-dataset transfer and generalization analysis",
    "04_robustness_analysis": "Model robustness and sensitivity analysis",
    "05_intervention_simulation": "Intervention strategy simulation results",
    "06_reports": "Detailed analysis reports and documentation",
    "07_visualizations": "Key findings visualization charts",
    "08_code_scripts": "Reproducible analysis code and scripts",
    "09_summary": "Project summary and delivery documentation"
  },
  "key_achievements": [
    "Successfully processed 8 large-scale physiological datasets",
    "Established robust data preprocessing and quality control pipeline",
    "Implemented GPU-accelerated PyTorch neural network training",
    "Completed comprehensive cross-dataset transfer analysis",
    "Conducted thorough model robustness and sensitivity analysis",
    "Designed and simulated multiple intervention strategies",
    "Generated detailed methodological audit and quality assurance reports",
    "Established reproducible analysis framework and codebase"
  ],
  "technical_specifications": {
    "gpu_model": "NVIDIA GeForce RTX 5080",
    "gpu_memory": "17.1 GB",
    "parallel_processing_cores": 8,
    "programming_language": "Python 3.12",
    "main_frameworks": [
      "PyTorch",
      "scikit-learn",
      "pandas",
      "numpy"
    ],
    "total_code_files": 40,
    "total_analysis_files": "100+ JSON, CSV, and visualization files"
  }
}