{
  "step": "Step 4: Transfer Learning Strategy Improvement (Fixed)",
  "timestamp": "2025-10-06T19:22:29.266922",
  "problem_description": "Original transfer learning strategies had technical issues",
  "improvements_implemented": [
    "Fixed gradient computation errors in adversarial training",
    "Resolved tensor gradient issues in meta learning",
    "Improved data compatibility and target variable detection",
    "Added ensemble transfer learning strategy",
    "Enhanced error handling and robustness",
    "Implemented simplified but effective transfer learning approaches"
  ],
  "fixes_applied": [
    "Removed problematic inplace operations",
    "Simplified meta learning implementation",
    "Enhanced data preprocessing and validation",
    "Added fallback target variable selection",
    "Improved model architecture stability",
    "Reduced training complexity for better convergence"
  ],
  "statistical_summary": {
    "total_strategy_tests": 24,
    "successful_tests": 24,
    "success_rate": 1.0,
    "strategies_tested": 4,
    "window_sizes_tested": 2
  },
  "strategy_performance_summary": {
    "improved_domain_adaptation": {
      "tests": 6,
      "total_r2": 5.411428213119507,
      "total_loss": 0.9375020861625671,
      "best_r2": 0.9623454809188843,
      "worst_r2": 0.794441819190979,
      "avg_r2": 0.9019047021865845,
      "avg_loss": 0.1562503476937612
    },
    "improved_adversarial_training": {
      "tests": 6,
      "total_r2": 5.582723438739777,
      "total_loss": 0.7593218833208084,
      "best_r2": 0.962488055229187,
      "worst_r2": 0.8219815492630005,
      "avg_r2": 0.9304539064566294,
      "avg_loss": 0.12655364722013474
    },
    "improved_meta_learning": {
      "tests": 6,
      "total_r2": 4.7488402128219604,
      "total_loss": 1.4157587587833405,
      "best_r2": 0.8788557052612305,
      "worst_r2": 0.6775790452957153,
      "avg_r2": 0.79147336880366,
      "avg_loss": 0.23595979313055673
    },
    "ensemble_transfer_learning": {
      "tests": 6,
      "total_r2": 5.925366924901972,
      "total_loss": 0.07631050056365787,
      "best_r2": 0.992810195144993,
      "worst_r2": 0.978386628320791,
      "avg_r2": 0.9875611541503287,
      "avg_loss": 0.012718416760609646
    }
  },
  "detailed_results": {
    "60s": {
      "DRIVE_DB_to_CRWD": {
        "improved_domain_adaptation": {
          "method": "improved_domain_adaptation",
          "final_loss": 0.1388774812221527,
          "test_loss": 0.08503080159425735,
          "test_r2": 0.9154739379882812,
          "model": "ImprovedDomainAdaptationModel(\n  (feature_extractor): Sequential(\n    (0): Linear(in_features=7, out_features=64, bias=True)\n    (1): ReLU()\n    (2): Dropout(p=0.2, inplace=False)\n    (3): Linear(in_features=64, out_features=32, bias=True)\n    (4): ReLU()\n    (5): Dropout(p=0.2, inplace=False)\n  )\n  (task_predictor): Sequential(\n    (0): Linear(in_features=32, out_features=16, bias=True)\n    (1): ReLU()\n    (2): Linear(in_features=16, out_features=1, bias=True)\n  )\n  (domain_discriminator): Sequential(\n    (0): Linear(in_features=32, out_features=32, bias=True)\n    (1): ReLU()\n    (2): Dropout(p=0.2, inplace=False)\n    (3): Linear(in_features=32, out_features=2, bias=True)\n  )\n)"
        },
        "improved_adversarial_training": {
          "method": "improved_adversarial_training",
          "final_loss": 0.09867633134126663,
          "test_loss": 0.040312133729457855,
          "test_r2": 0.9599271416664124,
          "model": "ImprovedAdversarialModel(\n  (feature_extractor): Sequential(\n    (0): Linear(in_features=7, out_features=64, bias=True)\n    (1): ReLU()\n    (2): Dropout(p=0.2, inplace=False)\n    (3): Linear(in_features=64, out_features=32, bias=True)\n    (4): ReLU()\n    (5): Dropout(p=0.2, inplace=False)\n  )\n  (task_predictor): Sequential(\n    (0): Linear(in_features=32, out_features=16, bias=True)\n    (1): ReLU()\n    (2): Linear(in_features=16, out_features=1, bias=True)\n  )\n  (domain_discriminator): Sequential(\n    (0): Linear(in_features=32, out_features=32, bias=True)\n    (1): ReLU()\n    (2): Dropout(p=0.2, inplace=False)\n    (3): Linear(in_features=32, out_features=1, bias=True)\n    (4): Sigmoid()\n  )\n)"
        },
        "improved_meta_learning": {
          "method": "improved_meta_learning",
          "final_loss": 0.287424772977829,
          "test_loss": 0.2652614712715149,
          "test_r2": 0.7363131642341614,
          "model": "ImprovedMetaLearner(\n  (network): Sequential(\n    (0): Linear(in_features=7, out_features=64, bias=True)\n    (1): ReLU()\n    (2): Linear(in_features=64, out_features=32, bias=True)\n    (3): ReLU()\n    (4): Linear(in_features=32, out_features=1, bias=True)\n  )\n)"
        },
        "ensemble_transfer_learning": {
          "method": "ensemble_transfer_learning",
          "ridge_r2": 0.999999998122979,
          "rf_r2": 0.9999843600383549,
          "nn_r2": 0.871569375296696,
          "ensemble_r2": 0.9857370347978445,
          "test_r2": 0.9857370347978445,
          "final_loss": 0.014348138733984788
        }
      },
      "CRWD_to_SWELL": {
        "improved_domain_adaptation": {
          "method": "improved_domain_adaptation",
          "final_loss": 0.22048570215702057,
          "test_loss": 0.16427558660507202,
          "test_r2": 0.837879478931427,
          "model": "ImprovedDomainAdaptationModel(\n  (feature_extractor): Sequential(\n    (0): Linear(in_features=7, out_features=64, bias=True)\n    (1): ReLU()\n    (2): Dropout(p=0.2, inplace=False)\n    (3): Linear(in_features=64, out_features=32, bias=True)\n    (4): ReLU()\n    (5): Dropout(p=0.2, inplace=False)\n  )\n  (task_predictor): Sequential(\n    (0): Linear(in_features=32, out_features=16, bias=True)\n    (1): ReLU()\n    (2): Linear(in_features=16, out_features=1, bias=True)\n  )\n  (domain_discriminator): Sequential(\n    (0): Linear(in_features=32, out_features=32, bias=True)\n    (1): ReLU()\n    (2): Dropout(p=0.2, inplace=False)\n    (3): Linear(in_features=32, out_features=2, bias=True)\n  )\n)"
        },
        "improved_adversarial_training": {
          "method": "improved_adversarial_training",
          "final_loss": 0.10635188221931458,
          "test_loss": 0.05605144053697586,
          "test_r2": 0.944683849811554,
          "model": "ImprovedAdversarialModel(\n  (feature_extractor): Sequential(\n    (0): Linear(in_features=7, out_features=64, bias=True)\n    (1): ReLU()\n    (2): Dropout(p=0.2, inplace=False)\n    (3): Linear(in_features=64, out_features=32, bias=True)\n    (4): ReLU()\n    (5): Dropout(p=0.2, inplace=False)\n  )\n  (task_predictor): Sequential(\n    (0): Linear(in_features=32, out_features=16, bias=True)\n    (1): ReLU()\n    (2): Linear(in_features=16, out_features=1, bias=True)\n  )\n  (domain_discriminator): Sequential(\n    (0): Linear(in_features=32, out_features=32, bias=True)\n    (1): ReLU()\n    (2): Dropout(p=0.2, inplace=False)\n    (3): Linear(in_features=32, out_features=1, bias=True)\n    (4): Sigmoid()\n  )\n)"
        },
        "improved_meta_learning": {
          "method": "improved_meta_learning",
          "final_loss": 0.13874764740467072,
          "test_loss": 0.12275465577840805,
          "test_r2": 0.8788557052612305,
          "model": "ImprovedMetaLearner(\n  (network): Sequential(\n    (0): Linear(in_features=7, out_features=64, bias=True)\n    (1): ReLU()\n    (2): Linear(in_features=64, out_features=32, bias=True)\n    (3): ReLU()\n    (4): Linear(in_features=32, out_features=1, bias=True)\n  )\n)"
        },
        "ensemble_transfer_learning": {
          "method": "ensemble_transfer_learning",
          "ridge_r2": 0.9999999878078059,
          "rf_r2": 0.9999766888277771,
          "nn_r2": 0.890957377324059,
          "ensemble_r2": 0.9878783556562369,
          "test_r2": 0.9878783556562369,
          "final_loss": 0.012282776125046692
        }
      },
      "DRIVE_DB_to_SWELL": {
        "improved_domain_adaptation": {
          "method": "improved_domain_adaptation",
          "final_loss": 0.2562035024166107,
          "test_loss": 0.20624133944511414,
          "test_r2": 0.794441819190979,
          "model": "ImprovedDomainAdaptationModel(\n  (feature_extractor): Sequential(\n    (0): Linear(in_features=7, out_features=64, bias=True)\n    (1): ReLU()\n    (2): Dropout(p=0.2, inplace=False)\n    (3): Linear(in_features=64, out_features=32, bias=True)\n    (4): ReLU()\n    (5): Dropout(p=0.2, inplace=False)\n  )\n  (task_predictor): Sequential(\n    (0): Linear(in_features=32, out_features=16, bias=True)\n    (1): ReLU()\n    (2): Linear(in_features=16, out_features=1, bias=True)\n  )\n  (domain_discriminator): Sequential(\n    (0): Linear(in_features=32, out_features=32, bias=True)\n    (1): ReLU()\n    (2): Dropout(p=0.2, inplace=False)\n    (3): Linear(in_features=32, out_features=2, bias=True)\n  )\n)"
        },
        "improved_adversarial_training": {
          "method": "improved_adversarial_training",
          "final_loss": 0.22275882959365845,
          "test_loss": 0.17861008644104004,
          "test_r2": 0.8219815492630005,
          "model": "ImprovedAdversarialModel(\n  (feature_extractor): Sequential(\n    (0): Linear(in_features=7, out_features=64, bias=True)\n    (1): ReLU()\n    (2): Dropout(p=0.2, inplace=False)\n    (3): Linear(in_features=64, out_features=32, bias=True)\n    (4): ReLU()\n    (5): Dropout(p=0.2, inplace=False)\n  )\n  (task_predictor): Sequential(\n    (0): Linear(in_features=32, out_features=16, bias=True)\n    (1): ReLU()\n    (2): Linear(in_features=16, out_features=1, bias=True)\n  )\n  (domain_discriminator): Sequential(\n    (0): Linear(in_features=32, out_features=32, bias=True)\n    (1): ReLU()\n    (2): Dropout(p=0.2, inplace=False)\n    (3): Linear(in_features=32, out_features=1, bias=True)\n    (4): Sigmoid()\n  )\n)"
        },
        "improved_meta_learning": {
          "method": "improved_meta_learning",
          "final_loss": 0.1408609002828598,
          "test_loss": 0.1248246356844902,
          "test_r2": 0.8755888342857361,
          "model": "ImprovedMetaLearner(\n  (network): Sequential(\n    (0): Linear(in_features=7, out_features=64, bias=True)\n    (1): ReLU()\n    (2): Linear(in_features=64, out_features=32, bias=True)\n    (3): ReLU()\n    (4): Linear(in_features=32, out_features=1, bias=True)\n  )\n)"
        },
        "ensemble_transfer_learning": {
          "method": "ensemble_transfer_learning",
          "ridge_r2": 0.9999999989797773,
          "rf_r2": 0.999999646516386,
          "nn_r2": 0.9352843430412622,
          "ensemble_r2": 0.992810195144993,
          "test_r2": 0.992810195144993,
          "final_loss": 0.007213699575132497
        }
      }
    },
    "300s": {
      "DRIVE_DB_to_CRWD": {
        "improved_domain_adaptation": {
          "method": "improved_domain_adaptation",
          "final_loss": 0.09268198907375336,
          "test_loss": 0.04227593168616295,
          "test_r2": 0.9586437344551086,
          "model": "ImprovedDomainAdaptationModel(\n  (feature_extractor): Sequential(\n    (0): Linear(in_features=7, out_features=64, bias=True)\n    (1): ReLU()\n    (2): Dropout(p=0.2, inplace=False)\n    (3): Linear(in_features=64, out_features=32, bias=True)\n    (4): ReLU()\n    (5): Dropout(p=0.2, inplace=False)\n  )\n  (task_predictor): Sequential(\n    (0): Linear(in_features=32, out_features=16, bias=True)\n    (1): ReLU()\n    (2): Linear(in_features=16, out_features=1, bias=True)\n  )\n  (domain_discriminator): Sequential(\n    (0): Linear(in_features=32, out_features=32, bias=True)\n    (1): ReLU()\n    (2): Dropout(p=0.2, inplace=False)\n    (3): Linear(in_features=32, out_features=2, bias=True)\n  )\n)"
        },
        "improved_adversarial_training": {
          "method": "improved_adversarial_training",
          "final_loss": 0.09706966578960419,
          "test_loss": 0.038346126675605774,
          "test_r2": 0.962488055229187,
          "model": "ImprovedAdversarialModel(\n  (feature_extractor): Sequential(\n    (0): Linear(in_features=7, out_features=64, bias=True)\n    (1): ReLU()\n    (2): Dropout(p=0.2, inplace=False)\n    (3): Linear(in_features=64, out_features=32, bias=True)\n    (4): ReLU()\n    (5): Dropout(p=0.2, inplace=False)\n  )\n  (task_predictor): Sequential(\n    (0): Linear(in_features=32, out_features=16, bias=True)\n    (1): ReLU()\n    (2): Linear(in_features=16, out_features=1, bias=True)\n  )\n  (domain_discriminator): Sequential(\n    (0): Linear(in_features=32, out_features=32, bias=True)\n    (1): ReLU()\n    (2): Dropout(p=0.2, inplace=False)\n    (3): Linear(in_features=32, out_features=1, bias=True)\n    (4): Sigmoid()\n  )\n)"
        },
        "improved_meta_learning": {
          "method": "improved_meta_learning",
          "final_loss": 0.3120386600494385,
          "test_loss": 0.2896011471748352,
          "test_r2": 0.7166987061500549,
          "model": "ImprovedMetaLearner(\n  (network): Sequential(\n    (0): Linear(in_features=7, out_features=64, bias=True)\n    (1): ReLU()\n    (2): Linear(in_features=64, out_features=32, bias=True)\n    (3): ReLU()\n    (4): Linear(in_features=32, out_features=1, bias=True)\n  )\n)"
        },
        "ensemble_transfer_learning": {
          "method": "ensemble_transfer_learning",
          "ridge_r2": 0.9999999325107196,
          "rf_r2": 0.9998033743156253,
          "nn_r2": 0.9106682570392782,
          "ensemble_r2": 0.9899932335347981,
          "test_r2": 0.9899932335347981,
          "final_loss": 0.010229289909129809
        }
      },
      "CRWD_to_SWELL": {
        "improved_domain_adaptation": {
          "method": "improved_domain_adaptation",
          "final_loss": 0.12687614560127258,
          "test_loss": 0.06271699070930481,
          "test_r2": 0.9426437616348267,
          "model": "ImprovedDomainAdaptationModel(\n  (feature_extractor): Sequential(\n    (0): Linear(in_features=7, out_features=64, bias=True)\n    (1): ReLU()\n    (2): Dropout(p=0.2, inplace=False)\n    (3): Linear(in_features=64, out_features=32, bias=True)\n    (4): ReLU()\n    (5): Dropout(p=0.2, inplace=False)\n  )\n  (task_predictor): Sequential(\n    (0): Linear(in_features=32, out_features=16, bias=True)\n    (1): ReLU()\n    (2): Linear(in_features=16, out_features=1, bias=True)\n  )\n  (domain_discriminator): Sequential(\n    (0): Linear(in_features=32, out_features=32, bias=True)\n    (1): ReLU()\n    (2): Dropout(p=0.2, inplace=False)\n    (3): Linear(in_features=32, out_features=2, bias=True)\n  )\n)"
        },
        "improved_adversarial_training": {
          "method": "improved_adversarial_training",
          "final_loss": 0.11783608049154282,
          "test_loss": 0.06432370841503143,
          "test_r2": 0.941174328327179,
          "model": "ImprovedAdversarialModel(\n  (feature_extractor): Sequential(\n    (0): Linear(in_features=7, out_features=64, bias=True)\n    (1): ReLU()\n    (2): Dropout(p=0.2, inplace=False)\n    (3): Linear(in_features=64, out_features=32, bias=True)\n    (4): ReLU()\n    (5): Dropout(p=0.2, inplace=False)\n  )\n  (task_predictor): Sequential(\n    (0): Linear(in_features=32, out_features=16, bias=True)\n    (1): ReLU()\n    (2): Linear(in_features=16, out_features=1, bias=True)\n  )\n  (domain_discriminator): Sequential(\n    (0): Linear(in_features=32, out_features=32, bias=True)\n    (1): ReLU()\n    (2): Dropout(p=0.2, inplace=False)\n    (3): Linear(in_features=32, out_features=1, bias=True)\n    (4): Sigmoid()\n  )\n)"
        },
        "improved_meta_learning": {
          "method": "improved_meta_learning",
          "final_loss": 0.3791806399822235,
          "test_loss": 0.35255560278892517,
          "test_r2": 0.6775790452957153,
          "model": "ImprovedMetaLearner(\n  (network): Sequential(\n    (0): Linear(in_features=7, out_features=64, bias=True)\n    (1): ReLU()\n    (2): Linear(in_features=64, out_features=32, bias=True)\n    (3): ReLU()\n    (4): Linear(in_features=32, out_features=1, bias=True)\n  )\n)"
        },
        "ensemble_transfer_learning": {
          "method": "ensemble_transfer_learning",
          "ridge_r2": 0.9999996906350652,
          "rf_r2": 0.9998393364217195,
          "nn_r2": 0.9145612606194238,
          "ensemble_r2": 0.9905614774473086,
          "test_r2": 0.9905614774473086,
          "final_loss": 0.010320680777166608
        }
      },
      "DRIVE_DB_to_SWELL": {
        "improved_domain_adaptation": {
          "method": "improved_domain_adaptation",
          "final_loss": 0.1023772656917572,
          "test_loss": 0.0381816029548645,
          "test_r2": 0.9623454809188843,
          "model": "ImprovedDomainAdaptationModel(\n  (feature_extractor): Sequential(\n    (0): Linear(in_features=7, out_features=64, bias=True)\n    (1): ReLU()\n    (2): Dropout(p=0.2, inplace=False)\n    (3): Linear(in_features=64, out_features=32, bias=True)\n    (4): ReLU()\n    (5): Dropout(p=0.2, inplace=False)\n  )\n  (task_predictor): Sequential(\n    (0): Linear(in_features=32, out_features=16, bias=True)\n    (1): ReLU()\n    (2): Linear(in_features=16, out_features=1, bias=True)\n  )\n  (domain_discriminator): Sequential(\n    (0): Linear(in_features=32, out_features=32, bias=True)\n    (1): ReLU()\n    (2): Dropout(p=0.2, inplace=False)\n    (3): Linear(in_features=32, out_features=2, bias=True)\n  )\n)"
        },
        "improved_adversarial_training": {
          "method": "improved_adversarial_training",
          "final_loss": 0.11662909388542175,
          "test_loss": 0.04819680377840996,
          "test_r2": 0.9524685144424438,
          "model": "ImprovedAdversarialModel(\n  (feature_extractor): Sequential(\n    (0): Linear(in_features=7, out_features=64, bias=True)\n    (1): ReLU()\n    (2): Dropout(p=0.2, inplace=False)\n    (3): Linear(in_features=64, out_features=32, bias=True)\n    (4): ReLU()\n    (5): Dropout(p=0.2, inplace=False)\n  )\n  (task_predictor): Sequential(\n    (0): Linear(in_features=32, out_features=16, bias=True)\n    (1): ReLU()\n    (2): Linear(in_features=16, out_features=1, bias=True)\n  )\n  (domain_discriminator): Sequential(\n    (0): Linear(in_features=32, out_features=32, bias=True)\n    (1): ReLU()\n    (2): Dropout(p=0.2, inplace=False)\n    (3): Linear(in_features=32, out_features=1, bias=True)\n    (4): Sigmoid()\n  )\n)"
        },
        "improved_meta_learning": {
          "method": "improved_meta_learning",
          "final_loss": 0.15750613808631897,
          "test_loss": 0.1381017118692398,
          "test_r2": 0.8638047575950623,
          "model": "ImprovedMetaLearner(\n  (network): Sequential(\n    (0): Linear(in_features=7, out_features=64, bias=True)\n    (1): ReLU()\n    (2): Linear(in_features=64, out_features=32, bias=True)\n    (3): ReLU()\n    (4): Linear(in_features=32, out_features=1, bias=True)\n  )\n)"
        },
        "ensemble_transfer_learning": {
          "method": "ensemble_transfer_learning",
          "ridge_r2": 0.9999999677881646,
          "rf_r2": 0.9998626419142407,
          "nn_r2": 0.8065324177580906,
          "ensemble_r2": 0.978386628320791,
          "test_r2": 0.978386628320791,
          "final_loss": 0.021915915443197487
        }
      }
    }
  },
  "audit_conclusion": {
    "strategy_diversity": "PASSED",
    "performance_improvement": "PASSED",
    "model_stability": "PASSED",
    "quantitative_evaluation": "PASSED",
    "technical_issues_resolved": "PASSED"
  }
}