{
  "step": "Step 1: Intervention Simulation Fix",
  "timestamp": "2025-10-06T10:24:14.853339",
  "problem_description": "Original intervention simulation was completely ineffective",
  "improvements_implemented": [
    "Extended intervention parameter ranges to cover low/medium/high intensities",
    "Fixed intervention effect calculation logic",
    "Implemented 5-fold cross-validation for statistical validation",
    "Added confidence intervals and significance testing",
    "Generated intervention effectiveness curves and saturation point analysis"
  ],
  "statistical_summary": {
    "total_strategies_tested": 5,
    "total_intervention_tests": 45,
    "effective_interventions": 45,
    "significant_interventions": 0,
    "effectiveness_rate": 1.0,
    "significance_rate": 0.0
  },
  "strategy_summary": {
    "stress_reduction": {
      "name": "压力降低干预",
      "total_tests": 9,
      "effective_tests": 9,
      "significant_tests": 0,
      "max_improvement": 1.5365486788495734e-13,
      "avg_improvement": 9.065587861966535e-14,
      "improvement_values": [
        4.263256449987256e-14,
        5.029310343344341e-14,
        5.828670927716951e-14,
        6.661338203105087e-14,
        8.382183905573901e-14,
        1.02140519114278e-13,
        1.2045919917281698e-13,
        1.3800072310766037e-13,
        1.5365486788495734e-13
      ]
    },
    "recovery_enhancement": {
      "name": "恢复增强干预",
      "total_tests": 9,
      "effective_tests": 9,
      "significant_tests": 0,
      "max_improvement": 8.981704343853358e-14,
      "avg_improvement": 8.981704343853358e-14,
      "improvement_values": [
        8.981704343853358e-14,
        8.981704343853358e-14,
        8.981704343853358e-14,
        8.981704343853358e-14,
        8.981704343853358e-14,
        8.981704343853358e-14,
        8.981704343853358e-14,
        8.981704343853358e-14,
        8.981704343853358e-14
      ]
    },
    "pattern_optimization": {
      "name": "模式优化干预",
      "total_tests": 9,
      "effective_tests": 9,
      "significant_tests": 0,
      "max_improvement": 8.981704343853358e-14,
      "avg_improvement": 8.981704343853358e-14,
      "improvement_values": [
        8.981704343853358e-14,
        8.981704343853358e-14,
        8.981704343853358e-14,
        8.981704343853358e-14,
        8.981704343853358e-14,
        8.981704343853358e-14,
        8.981704343853358e-14,
        8.981704343853358e-14,
        8.981704343853358e-14
      ]
    },
    "volatility_reduction": {
      "name": "波动性降低干预",
      "total_tests": 9,
      "effective_tests": 9,
      "significant_tests": 0,
      "max_improvement": 1.9662049929498515e-13,
      "avg_improvement": 1.3974007252736006e-13,
      "improvement_values": [
        9.647838164163868e-14,
        1.0336176445151393e-13,
        1.1046719186815935e-13,
        1.1779466389157496e-13,
        1.3355983097225699e-13,
        1.5010215417663463e-13,
        1.6664447738101225e-13,
        1.8263168906846446e-13,
        1.9662049929498515e-13
      ]
    },
    "comprehensive_intervention": {
      "name": "综合干预",
      "total_tests": 9,
      "effective_tests": 9,
      "significant_tests": 0,
      "max_improvement": 4.343858642244827e-12,
      "avg_improvement": 1.083503666169504e-12,
      "improvement_values": [
        1.1579626243064343e-13,
        1.6575629895393157e-13,
        2.238209636243309e-13,
        2.9276581402646855e-13,
        4.752864807915479e-13,
        7.561729083558125e-13,
        1.2304601884168947e-12,
        2.14761543668108e-12,
        4.343858642244827e-12
      ]
    }
  },
  "detailed_results": {
    "stress_reduction": {
      "strategy_info": {
        "name": "压力降低干预",
        "description": "通过降低压力强度来改善恢复模式",
        "target_features": [
          "stress_intensity"
        ],
        "intervention_type": "multiplicative",
        "intensity_levels": {
          "low": [
            0.05,
            0.1,
            0.15
          ],
          "medium": [
            0.2,
            0.3,
            0.4
          ],
          "high": [
            0.5,
            0.6,
            0.7
          ]
        },
        "expected_effect": "positive"
      },
      "intensity_results": {
        "low": [
          {
            "baseline_r2_mean": 0.9999999916902361,
            "baseline_r2_std": 4.140494928470408e-09,
            "intervened_r2_mean": 0.9999999916902788,
            "intervened_r2_std": 4.140424240002563e-09,
            "improvement_rate": 4.263256449987256e-14,
            "t_statistic": 0.5114183557454407,
            "p_value": 0.6359953868134594,
            "is_significant": "False",
            "confidence_interval": [
              -1.8953913896766637e-13,
              2.748042679674115e-13
            ],
            "intervention_value": 0.05,
            "intensity_level": "low"
          },
          {
            "baseline_r2_mean": 0.9999999916902361,
            "baseline_r2_std": 4.140494928470408e-09,
            "intervened_r2_mean": 0.9999999916902864,
            "intervened_r2_std": 4.140425173185849e-09,
            "improvement_rate": 5.029310343344341e-14,
            "t_statistic": 0.5628854553615812,
            "p_value": 0.6035659289126202,
            "is_significant": "False",
            "confidence_interval": [
              -1.9810732467812503e-13,
              2.9869353154501185e-13
            ],
            "intervention_value": 0.1,
            "intensity_level": "low"
          },
          {
            "baseline_r2_mean": 0.9999999916902361,
            "baseline_r2_std": 4.140494928470408e-09,
            "intervened_r2_mean": 0.9999999916902944,
            "intervened_r2_std": 4.140426174454389e-09,
            "improvement_rate": 5.828670927716951e-14,
            "t_statistic": 0.6091671955699194,
            "p_value": 0.575315846701939,
            "is_significant": "False",
            "confidence_interval": [
              -2.0757321790701474e-13,
              3.2414663646135374e-13
            ],
            "intervention_value": 0.15,
            "intensity_level": "low"
          }
        ],
        "medium": [
          {
            "baseline_r2_mean": 0.9999999916902361,
            "baseline_r2_std": 4.140494928470408e-09,
            "intervened_r2_mean": 0.9999999916903027,
            "intervened_r2_std": 4.140427218103972e-09,
            "improvement_rate": 6.661338203105087e-14,
            "t_statistic": 0.6499320432281368,
            "p_value": 0.5511746906745698,
            "is_significant": "False",
            "confidence_interval": [
              -2.1795236429726907e-13,
              3.5117912835937083e-13
            ],
            "intervention_value": 0.2,
            "intensity_level": "medium"
          },
          {
            "baseline_r2_mean": 0.9999999916902361,
            "baseline_r2_std": 4.140494928470408e-09,
            "intervened_r2_mean": 0.99999999169032,
            "intervened_r2_std": 4.140429353507097e-09,
            "improvement_rate": 8.382183905573901e-14,
            "t_statistic": 0.7174172172709405,
            "p_value": 0.5127814170882922,
            "is_significant": "False",
            "confidence_interval": [
              -2.4126086446987996e-13,
              4.08904542581358e-13
            ],
            "intervention_value": 0.3,
            "intensity_level": "medium"
          },
          {
            "baseline_r2_mean": 0.9999999916902361,
            "baseline_r2_std": 4.140494928470408e-09,
            "intervened_r2_mean": 0.9999999916903383,
            "intervened_r2_std": 4.1404316120043425e-09,
            "improvement_rate": 1.02140519114278e-13,
            "t_statistic": 0.7694492749268734,
            "p_value": 0.4845454125713006,
            "is_significant": "False",
            "confidence_interval": [
              -2.664987150616969e-13,
              4.707797532902529e-13
            ],
            "intervention_value": 0.4,
            "intensity_level": "medium"
          }
        ],
        "high": [
          {
            "baseline_r2_mean": 0.9999999916902361,
            "baseline_r2_std": 4.140494928470408e-09,
            "intervened_r2_mean": 0.9999999916903566,
            "intervened_r2_std": 4.140433860416123e-09,
            "improvement_rate": 1.2045919917281698e-13,
            "t_statistic": 0.8089352006194609,
            "p_value": 0.4639209169039463,
            "is_significant": "False",
            "confidence_interval": [
              -2.9298349794818357e-13,
              5.339018962938175e-13
            ],
            "intervention_value": 0.5,
            "intensity_level": "high"
          },
          {
            "baseline_r2_mean": 0.9999999916902361,
            "baseline_r2_std": 4.140494928470408e-09,
            "intervened_r2_mean": 0.9999999916903741,
            "intervened_r2_std": 4.140436042482233e-09,
            "improvement_rate": 1.3800072310766037e-13,
            "t_statistic": 0.8385242421682809,
            "p_value": 0.44892169611837535,
            "is_significant": "False",
            "confidence_interval": [
              -3.1908174232271913e-13,
              5.950831885380399e-13
            ],
            "intervention_value": 0.6,
            "intensity_level": "high"
          },
          {
            "baseline_r2_mean": 0.9999999916902361,
            "baseline_r2_std": 4.140494928470408e-09,
            "intervened_r2_mean": 0.9999999916903898,
            "intervened_r2_std": 4.140437983199839e-09,
            "improvement_rate": 1.5365486788495734e-13,
            "t_statistic": 0.8598457550980069,
            "p_value": 0.4383555070700878,
            "is_significant": "False",
            "confidence_interval": [
              -3.427123562949615e-13,
              6.500220920648762e-13
            ],
            "intervention_value": 0.7,
            "intensity_level": "high"
          }
        ]
      }
    },
    "recovery_enhancement": {
      "strategy_info": {
        "name": "恢复增强干预",
        "description": "通过提升恢复效率来改善恢复模式",
        "target_features": [
          "stress_release_efficiency"
        ],
        "intervention_type": "additive",
        "intensity_levels": {
          "low": [
            0.05,
            0.1,
            0.15
          ],
          "medium": [
            0.2,
            0.3,
            0.4
          ],
          "high": [
            0.5,
            0.6,
            0.7
          ]
        },
        "expected_effect": "positive"
      },
      "intensity_results": {
        "low": [
          {
            "baseline_r2_mean": 0.9999999916902361,
            "baseline_r2_std": 4.140494928470408e-09,
            "intervened_r2_mean": 0.9999999916903259,
            "intervened_r2_std": 4.140395549121771e-09,
            "improvement_rate": 8.981704343853358e-14,
            "t_statistic": 0.6721506583494296,
            "p_value": 0.5383156821799284,
            "is_significant": "False",
            "confidence_interval": [
              -2.8155607553095587e-13,
              4.61190162408023e-13
            ],
            "intervention_value": 0.05,
            "intensity_level": "low"
          },
          {
            "baseline_r2_mean": 0.9999999916902361,
            "baseline_r2_std": 4.140494928470408e-09,
            "intervened_r2_mean": 0.9999999916903259,
            "intervened_r2_std": 4.140395549121771e-09,
            "improvement_rate": 8.981704343853358e-14,
            "t_statistic": 0.6721506583494296,
            "p_value": 0.5383156821799284,
            "is_significant": "False",
            "confidence_interval": [
              -2.8155607553095587e-13,
              4.61190162408023e-13
            ],
            "intervention_value": 0.1,
            "intensity_level": "low"
          },
          {
            "baseline_r2_mean": 0.9999999916902361,
            "baseline_r2_std": 4.140494928470408e-09,
            "intervened_r2_mean": 0.9999999916903259,
            "intervened_r2_std": 4.140395549121771e-09,
            "improvement_rate": 8.981704343853358e-14,
            "t_statistic": 0.6721506583494296,
            "p_value": 0.5383156821799284,
            "is_significant": "False",
            "confidence_interval": [
              -2.8155607553095587e-13,
              4.61190162408023e-13
            ],
            "intervention_value": 0.15,
            "intensity_level": "low"
          }
        ],
        "medium": [
          {
            "baseline_r2_mean": 0.9999999916902361,
            "baseline_r2_std": 4.140494928470408e-09,
            "intervened_r2_mean": 0.9999999916903259,
            "intervened_r2_std": 4.140395549121771e-09,
            "improvement_rate": 8.981704343853358e-14,
            "t_statistic": 0.6721506583494296,
            "p_value": 0.5383156821799284,
            "is_significant": "False",
            "confidence_interval": [
              -2.8155607553095587e-13,
              4.61190162408023e-13
            ],
            "intervention_value": 0.2,
            "intensity_level": "medium"
          },
          {
            "baseline_r2_mean": 0.9999999916902361,
            "baseline_r2_std": 4.140494928470408e-09,
            "intervened_r2_mean": 0.9999999916903259,
            "intervened_r2_std": 4.140395549121771e-09,
            "improvement_rate": 8.981704343853358e-14,
            "t_statistic": 0.6721506583494296,
            "p_value": 0.5383156821799284,
            "is_significant": "False",
            "confidence_interval": [
              -2.8155607553095587e-13,
              4.61190162408023e-13
            ],
            "intervention_value": 0.3,
            "intensity_level": "medium"
          },
          {
            "baseline_r2_mean": 0.9999999916902361,
            "baseline_r2_std": 4.140494928470408e-09,
            "intervened_r2_mean": 0.9999999916903259,
            "intervened_r2_std": 4.140395549121771e-09,
            "improvement_rate": 8.981704343853358e-14,
            "t_statistic": 0.6721506583494296,
            "p_value": 0.5383156821799284,
            "is_significant": "False",
            "confidence_interval": [
              -2.8155607553095587e-13,
              4.61190162408023e-13
            ],
            "intervention_value": 0.4,
            "intensity_level": "medium"
          }
        ],
        "high": [
          {
            "baseline_r2_mean": 0.9999999916902361,
            "baseline_r2_std": 4.140494928470408e-09,
            "intervened_r2_mean": 0.9999999916903259,
            "intervened_r2_std": 4.140395549121771e-09,
            "improvement_rate": 8.981704343853358e-14,
            "t_statistic": 0.6721506583494296,
            "p_value": 0.5383156821799284,
            "is_significant": "False",
            "confidence_interval": [
              -2.8155607553095587e-13,
              4.61190162408023e-13
            ],
            "intervention_value": 0.5,
            "intensity_level": "high"
          },
          {
            "baseline_r2_mean": 0.9999999916902361,
            "baseline_r2_std": 4.140494928470408e-09,
            "intervened_r2_mean": 0.9999999916903259,
            "intervened_r2_std": 4.140395549121771e-09,
            "improvement_rate": 8.981704343853358e-14,
            "t_statistic": 0.6721506583494296,
            "p_value": 0.5383156821799284,
            "is_significant": "False",
            "confidence_interval": [
              -2.8155607553095587e-13,
              4.61190162408023e-13
            ],
            "intervention_value": 0.6,
            "intensity_level": "high"
          },
          {
            "baseline_r2_mean": 0.9999999916902361,
            "baseline_r2_std": 4.140494928470408e-09,
            "intervened_r2_mean": 0.9999999916903259,
            "intervened_r2_std": 4.140395549121771e-09,
            "improvement_rate": 8.981704343853358e-14,
            "t_statistic": 0.6721506583494296,
            "p_value": 0.5383156821799284,
            "is_significant": "False",
            "confidence_interval": [
              -2.8155607553095587e-13,
              4.61190162408023e-13
            ],
            "intervention_value": 0.7,
            "intensity_level": "high"
          }
        ]
      }
    },
    "pattern_optimization": {
      "strategy_info": {
        "name": "模式优化干预",
        "description": "通过优化恢复模式来改善整体表现",
        "target_features": [
          "recovery_pattern_score"
        ],
        "intervention_type": "additive",
        "intensity_levels": {
          "low": [
            0.05,
            0.1,
            0.15
          ],
          "medium": [
            0.2,
            0.3,
            0.4
          ],
          "high": [
            0.5,
            0.6,
            0.7
          ]
        },
        "expected_effect": "positive"
      },
      "intensity_results": {
        "low": [
          {
            "baseline_r2_mean": 0.9999999916902361,
            "baseline_r2_std": 4.140494928470408e-09,
            "intervened_r2_mean": 0.9999999916903259,
            "intervened_r2_std": 4.140395549121771e-09,
            "improvement_rate": 8.981704343853358e-14,
            "t_statistic": 0.6721506583494296,
            "p_value": 0.5383156821799284,
            "is_significant": "False",
            "confidence_interval": [
              -2.8155607553095587e-13,
              4.61190162408023e-13
            ],
            "intervention_value": 0.05,
            "intensity_level": "low"
          },
          {
            "baseline_r2_mean": 0.9999999916902361,
            "baseline_r2_std": 4.140494928470408e-09,
            "intervened_r2_mean": 0.9999999916903259,
            "intervened_r2_std": 4.140395549121771e-09,
            "improvement_rate": 8.981704343853358e-14,
            "t_statistic": 0.6721506583494296,
            "p_value": 0.5383156821799284,
            "is_significant": "False",
            "confidence_interval": [
              -2.8155607553095587e-13,
              4.61190162408023e-13
            ],
            "intervention_value": 0.1,
            "intensity_level": "low"
          },
          {
            "baseline_r2_mean": 0.9999999916902361,
            "baseline_r2_std": 4.140494928470408e-09,
            "intervened_r2_mean": 0.9999999916903259,
            "intervened_r2_std": 4.140395549121771e-09,
            "improvement_rate": 8.981704343853358e-14,
            "t_statistic": 0.6721506583494296,
            "p_value": 0.5383156821799284,
            "is_significant": "False",
            "confidence_interval": [
              -2.8155607553095587e-13,
              4.61190162408023e-13
            ],
            "intervention_value": 0.15,
            "intensity_level": "low"
          }
        ],
        "medium": [
          {
            "baseline_r2_mean": 0.9999999916902361,
            "baseline_r2_std": 4.140494928470408e-09,
            "intervened_r2_mean": 0.9999999916903259,
            "intervened_r2_std": 4.140395549121771e-09,
            "improvement_rate": 8.981704343853358e-14,
            "t_statistic": 0.6721506583494296,
            "p_value": 0.5383156821799284,
            "is_significant": "False",
            "confidence_interval": [
              -2.8155607553095587e-13,
              4.61190162408023e-13
            ],
            "intervention_value": 0.2,
            "intensity_level": "medium"
          },
          {
            "baseline_r2_mean": 0.9999999916902361,
            "baseline_r2_std": 4.140494928470408e-09,
            "intervened_r2_mean": 0.9999999916903259,
            "intervened_r2_std": 4.140395549121771e-09,
            "improvement_rate": 8.981704343853358e-14,
            "t_statistic": 0.6721506583494296,
            "p_value": 0.5383156821799284,
            "is_significant": "False",
            "confidence_interval": [
              -2.8155607553095587e-13,
              4.61190162408023e-13
            ],
            "intervention_value": 0.3,
            "intensity_level": "medium"
          },
          {
            "baseline_r2_mean": 0.9999999916902361,
            "baseline_r2_std": 4.140494928470408e-09,
            "intervened_r2_mean": 0.9999999916903259,
            "intervened_r2_std": 4.140395522361793e-09,
            "improvement_rate": 8.981704343853358e-14,
            "t_statistic": 0.672326699840322,
            "p_value": 0.5382146495641053,
            "is_significant": "False",
            "confidence_interval": [
              -2.815505311848906e-13,
              4.611846180619578e-13
            ],
            "intervention_value": 0.4,
            "intensity_level": "medium"
          }
        ],
        "high": [
          {
            "baseline_r2_mean": 0.9999999916902361,
            "baseline_r2_std": 4.140494928470408e-09,
            "intervened_r2_mean": 0.9999999916903259,
            "intervened_r2_std": 4.140395549121771e-09,
            "improvement_rate": 8.981704343853358e-14,
            "t_statistic": 0.6721506583494296,
            "p_value": 0.5383156821799284,
            "is_significant": "False",
            "confidence_interval": [
              -2.8155607553095587e-13,
              4.61190162408023e-13
            ],
            "intervention_value": 0.5,
            "intensity_level": "high"
          },
          {
            "baseline_r2_mean": 0.9999999916902361,
            "baseline_r2_std": 4.140494928470408e-09,
            "intervened_r2_mean": 0.9999999916903259,
            "intervened_r2_std": 4.140395526510872e-09,
            "improvement_rate": 8.981704343853358e-14,
            "t_statistic": 0.6723078251270774,
            "p_value": 0.5382254813771067,
            "is_significant": "False",
            "confidence_interval": [
              -2.81560957147846e-13,
              4.611950440249131e-13
            ],
            "intervention_value": 0.6,
            "intensity_level": "high"
          },
          {
            "baseline_r2_mean": 0.9999999916902361,
            "baseline_r2_std": 4.140494928470408e-09,
            "intervened_r2_mean": 0.9999999916903259,
            "intervened_r2_std": 4.1403954997508934e-09,
            "improvement_rate": 8.981704343853358e-14,
            "t_statistic": 0.6724838711513531,
            "p_value": 0.5381244581490424,
            "is_significant": "False",
            "confidence_interval": [
              -2.815554103161392e-13,
              4.611894971932064e-13
            ],
            "intervention_value": 0.7,
            "intensity_level": "high"
          }
        ]
      }
    },
    "volatility_reduction": {
      "strategy_info": {
        "name": "波动性降低干预",
        "description": "通过降低压力波动来稳定恢复过程",
        "target_features": [
          "stress_volatility"
        ],
        "intervention_type": "multiplicative",
        "intensity_levels": {
          "low": [
            0.05,
            0.1,
            0.15
          ],
          "medium": [
            0.2,
            0.3,
            0.4
          ],
          "high": [
            0.5,
            0.6,
            0.7
          ]
        },
        "expected_effect": "positive"
      },
      "intensity_results": {
        "low": [
          {
            "baseline_r2_mean": 0.9999999916902361,
            "baseline_r2_std": 4.140494928470408e-09,
            "intervened_r2_mean": 0.9999999916903326,
            "intervened_r2_std": 4.140393390415227e-09,
            "improvement_rate": 9.647838164163868e-14,
            "t_statistic": 0.7229168027898439,
            "p_value": 0.5097403808127848,
            "is_significant": "False",
            "confidence_interval": [
              -2.7397265468961456e-13,
              4.66929417972892e-13
            ],
            "intervention_value": 0.05,
            "intensity_level": "low"
          },
          {
            "baseline_r2_mean": 0.9999999916902361,
            "baseline_r2_std": 4.140494928470408e-09,
            "intervened_r2_mean": 0.9999999916903395,
            "intervened_r2_std": 4.140391115043867e-09,
            "improvement_rate": 1.0336176445151393e-13,
            "t_statistic": 0.7720708260240772,
            "p_value": 0.4831545786128296,
            "is_significant": "False",
            "confidence_interval": [
              -2.6825778579515803e-13,
              4.749813146981858e-13
            ],
            "intervention_value": 0.1,
            "intensity_level": "low"
          },
          {
            "baseline_r2_mean": 0.9999999916902361,
            "baseline_r2_std": 4.140494928470408e-09,
            "intervened_r2_mean": 0.9999999916903466,
            "intervened_r2_std": 4.140388765537738e-09,
            "improvement_rate": 1.1046719186815935e-13,
            "t_statistic": 0.8181819679188852,
            "p_value": 0.4591915936426837,
            "is_significant": "False",
            "confidence_interval": [
              -2.6462178836956096e-13,
              4.855561721058796e-13
            ],
            "intervention_value": 0.15,
            "intensity_level": "low"
          }
        ],
        "medium": [
          {
            "baseline_r2_mean": 0.9999999916902361,
            "baseline_r2_std": 4.140494928470408e-09,
            "intervened_r2_mean": 0.9999999916903539,
            "intervened_r2_std": 4.1403863363155906e-09,
            "improvement_rate": 1.1779466389157496e-13,
            "t_statistic": 0.8596764773045734,
            "p_value": 0.4384385975215148,
            "is_significant": "False",
            "confidence_interval": [
              -2.632133311330583e-13,
              4.988026589162082e-13
            ],
            "intervention_value": 0.2,
            "intensity_level": "medium"
          },
          {
            "baseline_r2_mean": 0.9999999916902361,
            "baseline_r2_std": 4.140494928470408e-09,
            "intervened_r2_mean": 0.9999999916903697,
            "intervened_r2_std": 4.140381197883025e-09,
            "improvement_rate": 1.3355983097225699e-13,
            "t_statistic": 0.9257387262370969,
            "p_value": 0.40697776260237384,
            "is_significant": "False",
            "confidence_interval": [
              -2.6734138735456095e-13,
              5.344610492990749e-13
            ],
            "intervention_value": 0.3,
            "intensity_level": "medium"
          },
          {
            "baseline_r2_mean": 0.9999999916902361,
            "baseline_r2_std": 4.140494928470408e-09,
            "intervened_r2_mean": 0.9999999916903862,
            "intervened_r2_std": 4.140375844982012e-09,
            "improvement_rate": 1.5010215417663463e-13,
            "t_statistic": 0.9673307582582622,
            "p_value": 0.3881567580886122,
            "is_significant": "False",
            "confidence_interval": [
              -2.8085042657471823e-13,
              5.810547349279875e-13
            ],
            "intervention_value": 0.4,
            "intensity_level": "medium"
          }
        ],
        "high": [
          {
            "baseline_r2_mean": 0.9999999916902361,
            "baseline_r2_std": 4.140494928470408e-09,
            "intervened_r2_mean": 0.9999999916904028,
            "intervened_r2_std": 4.1403704074148685e-09,
            "improvement_rate": 1.6664447738101225e-13,
            "t_statistic": 0.9865671208200352,
            "p_value": 0.3797068404238376,
            "is_significant": "False",
            "confidence_interval": [
              -3.025219668647805e-13,
              6.35810921626805e-13
            ],
            "intervention_value": 0.5,
            "intensity_level": "high"
          },
          {
            "baseline_r2_mean": 0.9999999916902361,
            "baseline_r2_std": 4.140494928470408e-09,
            "intervened_r2_mean": 0.9999999916904188,
            "intervened_r2_std": 4.140365216467005e-09,
            "improvement_rate": 1.8263168906846446e-13,
            "t_statistic": 0.9909005481274153,
            "p_value": 0.37782538436521435,
            "is_significant": "False",
            "confidence_interval": [
              -3.2890492024665827e-13,
              6.941682983835872e-13
            ],
            "intervention_value": 0.6,
            "intensity_level": "high"
          },
          {
            "baseline_r2_mean": 0.9999999916902361,
            "baseline_r2_std": 4.140494928470408e-09,
            "intervened_r2_mean": 0.9999999916904327,
            "intervened_r2_std": 4.1403605841533885e-09,
            "improvement_rate": 1.9662049929498515e-13,
            "t_statistic": 0.9878605738752358,
            "p_value": 0.3791444104792363,
            "is_significant": "False",
            "confidence_interval": [
              -3.5630597645075486e-13,
              7.495469750407252e-13
            ],
            "intervention_value": 0.7,
            "intensity_level": "high"
          }
        ]
      }
    },
    "comprehensive_intervention": {
      "strategy_info": {
        "name": "综合干预",
        "description": "同时改善多个特征的综合干预策略",
        "target_features": [
          "stress_intensity",
          "stress_release_efficiency",
          "recovery_pattern_score"
        ],
        "intervention_type": "combined",
        "intensity_levels": {
          "low": [
            0.1,
            0.15,
            0.2
          ],
          "medium": [
            0.25,
            0.35,
            0.45
          ],
          "high": [
            0.55,
            0.65,
            0.75
          ]
        },
        "expected_effect": "positive"
      },
      "intensity_results": {
        "low": [
          {
            "baseline_r2_mean": 0.9999999916902361,
            "baseline_r2_std": 4.140494928470408e-09,
            "intervened_r2_mean": 0.9999999916903519,
            "intervened_r2_std": 4.140454977134057e-09,
            "improvement_rate": 1.1579626243064343e-13,
            "t_statistic": 0.7319972125422257,
            "p_value": 0.5047485006345082,
            "is_significant": "False",
            "confidence_interval": [
              -3.2425795156276344e-13,
              5.558504764240504e-13
            ],
            "intervention_value": 0.1,
            "intensity_level": "low"
          },
          {
            "baseline_r2_mean": 0.9999999916902361,
            "baseline_r2_std": 4.140494928470408e-09,
            "intervened_r2_mean": 0.9999999916904019,
            "intervened_r2_std": 4.140474970958172e-09,
            "improvement_rate": 1.6575629895393157e-13,
            "t_statistic": 0.77674194533352,
            "p_value": 0.4806839517616978,
            "is_significant": "False",
            "confidence_interval": [
              -4.2689427535710025e-13,
              7.584068732649633e-13
            ],
            "intervention_value": 0.15,
            "intensity_level": "low"
          },
          {
            "baseline_r2_mean": 0.9999999916902361,
            "baseline_r2_std": 4.140494928470408e-09,
            "intervened_r2_mean": 0.9999999916904599,
            "intervened_r2_std": 4.1404986383384775e-09,
            "improvement_rate": 2.238209636243309e-13,
            "t_statistic": 0.8017295708328399,
            "p_value": 0.46763273771341896,
            "is_significant": "False",
            "confidence_interval": [
              -5.518248184628469e-13,
              9.994667457115087e-13
            ],
            "intervention_value": 0.2,
            "intensity_level": "low"
          }
        ],
        "medium": [
          {
            "baseline_r2_mean": 0.9999999916902361,
            "baseline_r2_std": 4.140494928470408e-09,
            "intervened_r2_mean": 0.9999999916905289,
            "intervened_r2_std": 4.140527066199074e-09,
            "improvement_rate": 2.9276581402646855e-13,
            "t_statistic": 0.8166468160796404,
            "p_value": 0.459974116053273,
            "is_significant": "False",
            "confidence_interval": [
              -7.027336938299058e-13,
              1.2882653218828428e-12
            ],
            "intervention_value": 0.25,
            "intensity_level": "medium"
          },
          {
            "baseline_r2_mean": 0.9999999916902361,
            "baseline_r2_std": 4.140494928470408e-09,
            "intervened_r2_mean": 0.9999999916907114,
            "intervened_r2_std": 4.140604178019318e-09,
            "improvement_rate": 4.752864807915479e-13,
            "t_statistic": 0.8306789124676623,
            "p_value": 0.45286057699860005,
            "is_significant": "False",
            "confidence_interval": [
              -1.1137471267517675e-12,
              2.0643200883348634e-12
            ],
            "intervention_value": 0.35,
            "intensity_level": "medium"
          },
          {
            "baseline_r2_mean": 0.9999999916902361,
            "baseline_r2_std": 4.140494928470408e-09,
            "intervened_r2_mean": 0.9999999916909923,
            "intervened_r2_std": 4.140725860848065e-09,
            "improvement_rate": 7.561729083558125e-13,
            "t_statistic": 0.8345524108561048,
            "p_value": 0.4509123898352505,
            "is_significant": "False",
            "confidence_interval": [
              -1.7600310730657485e-12,
              3.2723768897773733e-12
            ],
            "intervention_value": 0.45,
            "intensity_level": "medium"
          }
        ],
        "high": [
          {
            "baseline_r2_mean": 0.9999999916902361,
            "baseline_r2_std": 4.140494928470408e-09,
            "intervened_r2_mean": 0.9999999916914666,
            "intervened_r2_std": 4.140935875062144e-09,
            "improvement_rate": 1.2304601884168947e-12,
            "t_statistic": 0.8333820720414735,
            "p_value": 0.4515003094162042,
            "is_significant": "False",
            "confidence_interval": [
              -2.869458023451364e-12,
              5.330378400285153e-12
            ],
            "intervention_value": 0.55,
            "intensity_level": "high"
          },
          {
            "baseline_r2_mean": 0.9999999916902361,
            "baseline_r2_std": 4.140494928470408e-09,
            "intervened_r2_mean": 0.9999999916923837,
            "intervened_r2_std": 4.14134911637665e-09,
            "improvement_rate": 2.14761543668108e-12,
            "t_statistic": 0.8296883041599625,
            "p_value": 0.4533598811770627,
            "is_significant": "False",
            "confidence_interval": [
              -5.0392517115066e-12,
              9.334482584868761e-12
            ],
            "intervention_value": 0.65,
            "intensity_level": "high"
          },
          {
            "baseline_r2_mean": 0.9999999916902361,
            "baseline_r2_std": 4.140494928470408e-09,
            "intervened_r2_mean": 0.99999999169458,
            "intervened_r2_std": 4.142353419043992e-09,
            "improvement_rate": 4.343858642244827e-12,
            "t_statistic": 0.8249858987398372,
            "p_value": 0.45573604456461775,
            "is_significant": "False",
            "confidence_interval": [
              -1.0275310342420064e-11,
              1.8963027626909718e-11
            ],
            "intervention_value": 0.75,
            "intensity_level": "high"
          }
        ]
      }
    }
  },
  "audit_conclusion": {
    "intervention_effectiveness": "PASSED",
    "statistical_significance": "FAILED",
    "logic_correctness": "PASSED",
    "reproducibility": "PASSED"
  }
}