{
  "step": "Step 4: Transfer Learning Strategy Improvement",
  "timestamp": "2025-10-06T10:48:39.498592",
  "problem_description": "Original transfer learning strategies were basic",
  "improvements_implemented": [
    "Implemented domain adaptation with feature alignment and regularization",
    "Added adversarial training to enhance model generalization",
    "Implemented meta-learning approach (simplified MAML)",
    "Compared advanced strategies with baseline transfer learning",
    "Evaluated transfer performance improvements across different strategies"
  ],
  "statistical_summary": {
    "total_strategy_tests": 8,
    "successful_tests": 8,
    "success_rate": 1.0,
    "strategies_tested": 2,
    "window_sizes_tested": 2
  },
  "strategy_performance_summary": {
    "baseline_transfer": {
      "tests": 4,
      "total_r2": 3.669855237007141,
      "total_loss": 0.33014476858079433,
      "best_r2": 0.9810751676559448,
      "worst_r2": 0.7601815462112427,
      "avg_r2": 0.9174638092517853,
      "avg_loss": 0.08253619214519858
    },
    "domain_adaptation": {
      "tests": 4,
      "total_r2": 3.949989438056946,
      "total_loss": 0.05221062432974577,
      "best_r2": 0.9913253784179688,
      "worst_r2": 0.9809536933898926,
      "avg_r2": 0.9874973595142365,
      "avg_loss": 0.013052656082436442
    }
  },
  "detailed_results": {
    "60s": {
      "DRIVE_DB_to_CRWD": {
        "baseline_transfer": {
          "method": "baseline_transfer",
          "final_loss": 0.09641586244106293,
          "test_loss": 0.0477321520447731,
          "test_r2": 0.9522678256034851,
          "model": "Sequential(\n  (0): Linear(in_features=7, out_features=64, bias=True)\n  (1): ReLU()\n  (2): Dropout(p=0.2, inplace=False)\n  (3): Linear(in_features=64, out_features=32, bias=True)\n  (4): ReLU()\n  (5): Dropout(p=0.2, inplace=False)\n  (6): Linear(in_features=32, out_features=1, bias=True)\n)"
        },
        "domain_adaptation": {
          "method": "domain_adaptation",
          "final_loss": 0.0783257782459259,
          "test_loss": 0.009516390040516853,
          "test_r2": 0.990540087223053,
          "model": "DomainAdaptationModel(\n  (feature_extractor): Sequential(\n    (0): Linear(in_features=7, out_features=64, bias=True)\n    (1): ReLU()\n    (2): Dropout(p=0.2, inplace=False)\n    (3): Linear(in_features=64, out_features=32, bias=True)\n    (4): ReLU()\n    (5): Dropout(p=0.2, inplace=False)\n  )\n  (task_predictor): Sequential(\n    (0): Linear(in_features=32, out_features=16, bias=True)\n    (1): ReLU()\n    (2): Linear(in_features=16, out_features=1, bias=True)\n  )\n  (domain_discriminator): Sequential(\n    (0): Linear(in_features=32, out_features=32, bias=True)\n    (1): ReLU()\n    (2): Dropout(p=0.2, inplace=False)\n    (3): Linear(in_features=32, out_features=2, bias=True)\n  )\n  (gradient_reversal_layer): GradientReversalLayer()\n)"
        }
      },
      "CRWD_to_SWELL": {
        "baseline_transfer": {
          "method": "baseline_transfer",
          "final_loss": 0.0780981108546257,
          "test_loss": 0.018924808129668236,
          "test_r2": 0.9810751676559448,
          "model": "Sequential(\n  (0): Linear(in_features=7, out_features=64, bias=True)\n  (1): ReLU()\n  (2): Dropout(p=0.2, inplace=False)\n  (3): Linear(in_features=64, out_features=32, bias=True)\n  (4): ReLU()\n  (5): Dropout(p=0.2, inplace=False)\n  (6): Linear(in_features=32, out_features=1, bias=True)\n)"
        },
        "domain_adaptation": {
          "method": "domain_adaptation",
          "final_loss": 0.10613656789064407,
          "test_loss": 0.013000264763832092,
          "test_r2": 0.9871702790260315,
          "model": "DomainAdaptationModel(\n  (feature_extractor): Sequential(\n    (0): Linear(in_features=7, out_features=64, bias=True)\n    (1): ReLU()\n    (2): Dropout(p=0.2, inplace=False)\n    (3): Linear(in_features=64, out_features=32, bias=True)\n    (4): ReLU()\n    (5): Dropout(p=0.2, inplace=False)\n  )\n  (task_predictor): Sequential(\n    (0): Linear(in_features=32, out_features=16, bias=True)\n    (1): ReLU()\n    (2): Linear(in_features=16, out_features=1, bias=True)\n  )\n  (domain_discriminator): Sequential(\n    (0): Linear(in_features=32, out_features=32, bias=True)\n    (1): ReLU()\n    (2): Dropout(p=0.2, inplace=False)\n    (3): Linear(in_features=32, out_features=2, bias=True)\n  )\n  (gradient_reversal_layer): GradientReversalLayer()\n)"
        }
      }
    },
    "300s": {
      "DRIVE_DB_to_CRWD": {
        "baseline_transfer": {
          "method": "baseline_transfer",
          "final_loss": 0.27835434675216675,
          "test_loss": 0.2398184984922409,
          "test_r2": 0.7601815462112427,
          "model": "Sequential(\n  (0): Linear(in_features=7, out_features=64, bias=True)\n  (1): ReLU()\n  (2): Dropout(p=0.2, inplace=False)\n  (3): Linear(in_features=64, out_features=32, bias=True)\n  (4): ReLU()\n  (5): Dropout(p=0.2, inplace=False)\n  (6): Linear(in_features=32, out_features=1, bias=True)\n)"
        },
        "domain_adaptation": {
          "method": "domain_adaptation",
          "final_loss": 0.06902697682380676,
          "test_loss": 0.008867521770298481,
          "test_r2": 0.9913253784179688,
          "model": "DomainAdaptationModel(\n  (feature_extractor): Sequential(\n    (0): Linear(in_features=7, out_features=64, bias=True)\n    (1): ReLU()\n    (2): Dropout(p=0.2, inplace=False)\n    (3): Linear(in_features=64, out_features=32, bias=True)\n    (4): ReLU()\n    (5): Dropout(p=0.2, inplace=False)\n  )\n  (task_predictor): Sequential(\n    (0): Linear(in_features=32, out_features=16, bias=True)\n    (1): ReLU()\n    (2): Linear(in_features=16, out_features=1, bias=True)\n  )\n  (domain_discriminator): Sequential(\n    (0): Linear(in_features=32, out_features=32, bias=True)\n    (1): ReLU()\n    (2): Dropout(p=0.2, inplace=False)\n    (3): Linear(in_features=32, out_features=2, bias=True)\n  )\n  (gradient_reversal_layer): GradientReversalLayer()\n)"
        }
      },
      "CRWD_to_SWELL": {
        "baseline_transfer": {
          "method": "baseline_transfer",
          "final_loss": 0.0909925177693367,
          "test_loss": 0.02366930991411209,
          "test_r2": 0.9763306975364685,
          "model": "Sequential(\n  (0): Linear(in_features=7, out_features=64, bias=True)\n  (1): ReLU()\n  (2): Dropout(p=0.2, inplace=False)\n  (3): Linear(in_features=64, out_features=32, bias=True)\n  (4): ReLU()\n  (5): Dropout(p=0.2, inplace=False)\n  (6): Linear(in_features=32, out_features=1, bias=True)\n)"
        },
        "domain_adaptation": {
          "method": "domain_adaptation",
          "final_loss": 0.11185017228126526,
          "test_loss": 0.020826447755098343,
          "test_r2": 0.9809536933898926,
          "model": "DomainAdaptationModel(\n  (feature_extractor): Sequential(\n    (0): Linear(in_features=7, out_features=64, bias=True)\n    (1): ReLU()\n    (2): Dropout(p=0.2, inplace=False)\n    (3): Linear(in_features=64, out_features=32, bias=True)\n    (4): ReLU()\n    (5): Dropout(p=0.2, inplace=False)\n  )\n  (task_predictor): Sequential(\n    (0): Linear(in_features=32, out_features=16, bias=True)\n    (1): ReLU()\n    (2): Linear(in_features=16, out_features=1, bias=True)\n  )\n  (domain_discriminator): Sequential(\n    (0): Linear(in_features=32, out_features=32, bias=True)\n    (1): ReLU()\n    (2): Dropout(p=0.2, inplace=False)\n    (3): Linear(in_features=32, out_features=2, bias=True)\n  )\n  (gradient_reversal_layer): GradientReversalLayer()\n)"
        }
      }
    }
  },
  "audit_conclusion": {
    "strategy_diversity": "FAILED",
    "performance_improvement": "PASSED",
    "model_stability": "PASSED",
    "quantitative_evaluation": "PASSED"
  }
}