{
  "step": "Step 3: Enhanced Feature Engineering",
  "timestamp": "2025-10-06T10:42:56.413713",
  "problem_description": "Original feature set was limited in scope and diversity",
  "improvements_implemented": [
    "Added HRV (Heart Rate Variability) features",
    "Added respiratory frequency and amplitude features",
    "Added EDA (Electrodermal Activity) statistical features",
    "Added acceleration/activity intensity indicators",
    "Created nonlinear feature combinations",
    "Implemented comprehensive feature selection (VIF, correlation, importance)",
    "Applied feature dimensionality reduction (PCA, Autoencoder)",
    "Evaluated performance improvement of enhanced features"
  ],
  "statistical_summary": {
    "original_feature_count": 10,
    "enhanced_feature_count": 99,
    "new_features_added": 89,
    "feature_expansion_ratio": 9.9,
    "average_performance_improvement": -2.999473652238872e-07,
    "maximum_performance_improvement": -2.9660977769613894e-07,
    "feature_categories_added": 1
  },
  "feature_extraction_summary": {
    "hrv_features": 0,
    "respiratory_features": 0,
    "eda_features": 0,
    "acceleration_features": 0,
    "nonlinear_features": 89
  },
  "feature_selection_summary": {
    "methods_applied": [
      "variance_selection",
      "f_test_selection",
      "mutual_info_selection",
      "random_forest_selection"
    ],
    "selection_efficiency": 4
  },
  "performance_evaluation_summary": {
    "Ridge": {
      "original_features": {
        "n_features": 7,
        "r2": 0.9999999976576579,
        "rmse": 5.392636124159143e-06
      },
      "enhanced_features": {
        "n_features": 96,
        "r2": 0.9999996943727059,
        "rmse": 6.159876798171846e-05
      },
      "improvement": {
        "r2_improvement": -3.032849520412384e-07,
        "rmse_improvement": -5.620613185755932e-05,
        "relative_r2_improvement": -3.032849527516355e-07
      }
    },
    "RandomForest": {
      "original_features": {
        "n_features": 7,
        "r2": 0.9999965359587497,
        "rmse": 0.00020738029376449934
      },
      "enhanced_features": {
        "n_features": 96,
        "r2": 0.9999962393499995,
        "rmse": 0.0002160764399384746
      },
      "improvement": {
        "r2_improvement": -2.966087502276338e-07,
        "rmse_improvement": -8.696146173975254e-06,
        "relative_r2_improvement": -2.9660977769613894e-07
      }
    }
  },
  "detailed_results": {
    "original_data_info": {
      "shape": [
        22101,
        10
      ],
      "features": [
        "window_id",
        "window_size_seconds",
        "sample_count",
        "wt_mean",
        "wt_std",
        "recovery_pattern_score",
        "stress_release_efficiency",
        "stress_intensity",
        "stress_volatility",
        "recovery_pattern_score.1"
      ]
    },
    "enhanced_data_info": {
      "shape": [
        22101,
        99
      ],
      "new_features_count": 89,
      "all_features": [
        "window_id",
        "window_size_seconds",
        "sample_count",
        "wt_mean",
        "wt_std",
        "recovery_pattern_score",
        "stress_release_efficiency",
        "stress_intensity",
        "stress_volatility",
        "recovery_pattern_score.1",
        "wt_mean_x_wt_std",
        "wt_mean_div_wt_std",
        "wt_mean_minus_wt_std",
        "wt_mean_plus_wt_std",
        "wt_mean_x_recovery_pattern_score",
        "wt_mean_div_recovery_pattern_score",
        "wt_mean_minus_recovery_pattern_score",
        "wt_mean_plus_recovery_pattern_score",
        "wt_mean_x_stress_release_efficiency",
        "wt_mean_div_stress_release_efficiency",
        "wt_mean_minus_stress_release_efficiency",
        "wt_mean_plus_stress_release_efficiency",
        "wt_mean_x_stress_intensity",
        "wt_mean_div_stress_intensity",
        "wt_mean_minus_stress_intensity",
        "wt_mean_plus_stress_intensity",
        "wt_mean_x_stress_volatility",
        "wt_mean_div_stress_volatility",
        "wt_mean_minus_stress_volatility",
        "wt_mean_plus_stress_volatility",
        "wt_mean_x_recovery_pattern_score.1",
        "wt_mean_div_recovery_pattern_score.1",
        "wt_mean_minus_recovery_pattern_score.1",
        "wt_mean_plus_recovery_pattern_score.1",
        "wt_std_x_recovery_pattern_score",
        "wt_std_div_recovery_pattern_score",
        "wt_std_minus_recovery_pattern_score",
        "wt_std_plus_recovery_pattern_score",
        "wt_std_x_stress_release_efficiency",
        "wt_std_div_stress_release_efficiency",
        "wt_std_minus_stress_release_efficiency",
        "wt_std_plus_stress_release_efficiency",
        "wt_std_x_stress_intensity",
        "wt_std_div_stress_intensity",
        "wt_std_minus_stress_intensity",
        "wt_std_plus_stress_intensity",
        "wt_std_x_stress_volatility",
        "wt_std_div_stress_volatility",
        "wt_std_minus_stress_volatility",
        "wt_std_plus_stress_volatility",
        "wt_std_x_recovery_pattern_score.1",
        "wt_std_div_recovery_pattern_score.1",
        "wt_std_minus_recovery_pattern_score.1",
        "wt_std_plus_recovery_pattern_score.1",
        "recovery_pattern_score_x_stress_release_efficiency",
        "recovery_pattern_score_div_stress_release_efficiency",
        "recovery_pattern_score_minus_stress_release_efficiency",
        "recovery_pattern_score_plus_stress_release_efficiency",
        "recovery_pattern_score_x_stress_intensity",
        "recovery_pattern_score_div_stress_intensity",
        "recovery_pattern_score_minus_stress_intensity",
        "recovery_pattern_score_plus_stress_intensity",
        "recovery_pattern_score_x_stress_volatility",
        "recovery_pattern_score_div_stress_volatility",
        "recovery_pattern_score_minus_stress_volatility",
        "recovery_pattern_score_plus_stress_volatility",
        "recovery_pattern_score_x_recovery_pattern_score.1",
        "recovery_pattern_score_div_recovery_pattern_score.1",
        "recovery_pattern_score_minus_recovery_pattern_score.1",
        "recovery_pattern_score_plus_recovery_pattern_score.1",
        "stress_release_efficiency_x_stress_intensity",
        "stress_release_efficiency_div_stress_intensity",
        "stress_release_efficiency_minus_stress_intensity",
        "stress_release_efficiency_plus_stress_intensity",
        "stress_release_efficiency_x_stress_volatility",
        "stress_release_efficiency_div_stress_volatility",
        "stress_release_efficiency_minus_stress_volatility",
        "stress_release_efficiency_plus_stress_volatility",
        "stress_release_efficiency_x_recovery_pattern_score.1",
        "stress_release_efficiency_div_recovery_pattern_score.1",
        "stress_release_efficiency_minus_recovery_pattern_score.1",
        "stress_release_efficiency_plus_recovery_pattern_score.1",
        "stress_intensity_x_stress_volatility",
        "stress_intensity_div_stress_volatility",
        "stress_intensity_minus_stress_volatility",
        "stress_intensity_plus_stress_volatility",
        "stress_intensity_x_recovery_pattern_score.1",
        "stress_intensity_div_recovery_pattern_score.1",
        "stress_intensity_minus_recovery_pattern_score.1",
        "stress_intensity_plus_recovery_pattern_score.1",
        "stress_volatility_x_recovery_pattern_score.1",
        "stress_volatility_div_recovery_pattern_score.1",
        "stress_volatility_minus_recovery_pattern_score.1",
        "stress_volatility_plus_recovery_pattern_score.1",
        "wt_mean_squared",
        "wt_std_squared",
        "recovery_pattern_score_squared",
        "stress_release_efficiency_squared",
        "stress_intensity_squared"
      ]
    },
    "feature_extraction_results": {
      "hrv_features": 0,
      "respiratory_features": 0,
      "eda_features": 0,
      "acceleration_features": 0,
      "nonlinear_features": 89
    },
    "feature_selection_results": {
      "variance_selection": {
        "selected_features": [
          "wt_mean",
          "wt_std",
          "recovery_pattern_score",
          "stress_release_efficiency",
          "stress_intensity",
          "stress_volatility",
          "recovery_pattern_score.1",
          "wt_mean_x_wt_std",
          "wt_mean_div_wt_std",
          "wt_mean_minus_wt_std",
          "wt_mean_plus_wt_std",
          "wt_mean_x_recovery_pattern_score",
          "wt_mean_div_recovery_pattern_score",
          "wt_mean_minus_recovery_pattern_score",
          "wt_mean_plus_recovery_pattern_score",
          "wt_mean_x_stress_release_efficiency",
          "wt_mean_div_stress_release_efficiency",
          "wt_mean_minus_stress_release_efficiency",
          "wt_mean_plus_stress_release_efficiency",
          "wt_mean_x_stress_intensity",
          "wt_mean_plus_stress_intensity",
          "wt_mean_x_stress_volatility",
          "wt_mean_div_stress_volatility",
          "wt_mean_minus_stress_volatility",
          "wt_mean_plus_stress_volatility",
          "wt_mean_x_recovery_pattern_score.1",
          "wt_mean_div_recovery_pattern_score.1",
          "wt_mean_minus_recovery_pattern_score.1",
          "wt_mean_plus_recovery_pattern_score.1",
          "wt_std_x_recovery_pattern_score",
          "wt_std_div_recovery_pattern_score",
          "wt_std_minus_recovery_pattern_score",
          "wt_std_plus_recovery_pattern_score",
          "wt_std_x_stress_release_efficiency",
          "wt_std_div_stress_release_efficiency",
          "wt_std_minus_stress_release_efficiency",
          "wt_std_plus_stress_release_efficiency",
          "wt_std_x_stress_intensity",
          "wt_std_div_stress_intensity",
          "wt_std_minus_stress_intensity",
          "wt_std_plus_stress_intensity",
          "wt_std_x_stress_volatility",
          "wt_std_plus_stress_volatility",
          "wt_std_x_recovery_pattern_score.1",
          "wt_std_div_recovery_pattern_score.1",
          "wt_std_minus_recovery_pattern_score.1",
          "wt_std_plus_recovery_pattern_score.1",
          "recovery_pattern_score_div_stress_release_efficiency",
          "recovery_pattern_score_minus_stress_release_efficiency",
          "recovery_pattern_score_plus_stress_release_efficiency",
          "recovery_pattern_score_x_stress_intensity",
          "recovery_pattern_score_div_stress_intensity",
          "recovery_pattern_score_minus_stress_intensity",
          "recovery_pattern_score_plus_stress_intensity",
          "recovery_pattern_score_x_stress_volatility",
          "recovery_pattern_score_div_stress_volatility",
          "recovery_pattern_score_minus_stress_volatility",
          "recovery_pattern_score_plus_stress_volatility",
          "recovery_pattern_score_x_recovery_pattern_score.1",
          "recovery_pattern_score_plus_recovery_pattern_score.1",
          "stress_release_efficiency_x_stress_intensity",
          "stress_release_efficiency_div_stress_intensity",
          "stress_release_efficiency_minus_stress_intensity",
          "stress_release_efficiency_plus_stress_intensity",
          "stress_release_efficiency_x_stress_volatility",
          "stress_release_efficiency_div_stress_volatility",
          "stress_release_efficiency_minus_stress_volatility",
          "stress_release_efficiency_plus_stress_volatility",
          "stress_release_efficiency_div_recovery_pattern_score.1",
          "stress_release_efficiency_minus_recovery_pattern_score.1",
          "stress_release_efficiency_plus_recovery_pattern_score.1",
          "stress_intensity_x_stress_volatility",
          "stress_intensity_div_stress_volatility",
          "stress_intensity_minus_stress_volatility",
          "stress_intensity_plus_stress_volatility",
          "stress_intensity_x_recovery_pattern_score.1",
          "stress_intensity_div_recovery_pattern_score.1",
          "stress_intensity_minus_recovery_pattern_score.1",
          "stress_intensity_plus_recovery_pattern_score.1",
          "stress_volatility_x_recovery_pattern_score.1",
          "stress_volatility_div_recovery_pattern_score.1",
          "stress_volatility_minus_recovery_pattern_score.1",
          "stress_volatility_plus_recovery_pattern_score.1",
          "wt_mean_squared",
          "wt_std_squared",
          "recovery_pattern_score_squared",
          "stress_release_efficiency_squared",
          "stress_intensity_squared"
        ],
        "n_features": 88,
        "threshold": 0.01
      },
      "f_test_selection": {
        "selected_features": [
          "wt_mean_plus_recovery_pattern_score",
          "wt_mean_plus_recovery_pattern_score.1",
          "wt_std_plus_recovery_pattern_score",
          "wt_std_minus_stress_release_efficiency",
          "wt_std_plus_recovery_pattern_score.1",
          "recovery_pattern_score_minus_stress_release_efficiency",
          "recovery_pattern_score_div_stress_intensity",
          "recovery_pattern_score_plus_stress_intensity",
          "recovery_pattern_score_div_stress_volatility",
          "recovery_pattern_score_plus_stress_volatility",
          "recovery_pattern_score_x_recovery_pattern_score.1",
          "stress_release_efficiency_div_stress_intensity",
          "stress_release_efficiency_minus_stress_intensity",
          "stress_release_efficiency_div_stress_volatility",
          "stress_release_efficiency_minus_stress_volatility",
          "stress_release_efficiency_div_recovery_pattern_score.1",
          "stress_release_efficiency_minus_recovery_pattern_score.1",
          "stress_intensity_plus_recovery_pattern_score.1",
          "stress_volatility_plus_recovery_pattern_score.1",
          "recovery_pattern_score_squared"
        ],
        "n_features": 20,
        "scores": [
          13711.24901244259,
          15742.739728163073,
          -1.9400594184283424e+16,
          6626.749637334871,
          13711.24901244259,
          15742.739728163073,
          -1.9400594184283424e+16,
          5511.620408240363,
          11.923212778039382,
          1009.0336592428068,
          15974.078748784816,
          20938.43204193843,
          7830.39567105902,
          533.5696693860565,
          44559.392662077444,
          11578.45357823646,
          12840.49078777483,
          23634.626971118287,
          1160.1020076759978,
          3422.0633196679605,
          13711.24901244259,
          5511.620408240363,
          11.923212778039382,
          1009.0336592428064,
          15974.078748784805,
          20938.43204193843,
          7830.39567105902,
          533.5696693860565,
          44559.392662077444,
          23211.99312105124,
          9647.209685795508,
          1480.7975600758687,
          45138.83413420052,
          12000.447669425757,
          16812.18835285176,
          26463.395197939768,
          2006.0407752441574,
          5511.620408240363,
          105.72852982256146,
          1009.0336592428068,
          15974.078748784816,
          5029.2797144668675,
          15742.739728163073,
          23211.99312105124,
          9647.209685795508,
          1480.7975600758687,
          45138.83413420052,
          17396.17669049318,
          36852.82592701087,
          850.3754822587628,
          20938.43204193843,
          34490.06019106442,
          533.5696693860565,
          44559.392662077444,
          23211.99312105124,
          30458.601919084773,
          1480.7975600758687,
          45138.83413420052,
          2115497.4357189112,
          -1.9400594184283424e+16,
          11578.45357823646,
          38144.89515397077,
          23634.626971118287,
          1160.1020076759978,
          12000.447669425757,
          37120.07984753275,
          26463.395197939768,
          2006.0407752441574,
          56044.28022904253,
          36852.82592701087,
          850.3754822587628,
          5511.620408240363,
          11.923212778039382,
          1009.0336592428064,
          15974.078748784816,
          20938.43204193843,
          7830.39567105902,
          533.5696693860565,
          44559.392662077444,
          23211.99312105124,
          9647.209685795508,
          1480.7975600758687,
          45138.83413420052,
          3422.0633196679605,
          5029.2797144668675,
          2115497.4357189112,
          9686.9399455639,
          3422.0633196679605
        ]
      },
      "mutual_info_selection": {
        "selected_features": [
          "recovery_pattern_score",
          "recovery_pattern_score.1",
          "wt_mean_plus_recovery_pattern_score",
          "wt_mean_plus_recovery_pattern_score.1",
          "wt_std_plus_recovery_pattern_score",
          "wt_std_plus_recovery_pattern_score.1",
          "recovery_pattern_score_div_stress_release_efficiency",
          "recovery_pattern_score_minus_stress_release_efficiency",
          "recovery_pattern_score_plus_stress_release_efficiency",
          "recovery_pattern_score_plus_stress_intensity",
          "recovery_pattern_score_minus_stress_volatility",
          "recovery_pattern_score_plus_stress_volatility",
          "recovery_pattern_score_x_recovery_pattern_score.1",
          "recovery_pattern_score_plus_recovery_pattern_score.1",
          "stress_release_efficiency_div_recovery_pattern_score.1",
          "stress_release_efficiency_minus_recovery_pattern_score.1",
          "stress_release_efficiency_plus_recovery_pattern_score.1",
          "stress_intensity_plus_recovery_pattern_score.1",
          "stress_volatility_plus_recovery_pattern_score.1",
          "recovery_pattern_score_squared"
        ],
        "n_features": 20,
        "scores": [
          0.5959720019150527,
          0.5272048109340055,
          3.207923016884732,
          0.49770418761099844,
          0.5959720019150527,
          0.5272049876794025,
          3.2079736080622396,
          0.5674852799561547,
          0.13614634679425386,
          0.4868518607842116,
          0.5732748606182394,
          0.6767654676495285,
          0.5720879331686728,
          0.9107867544950023,
          1.3093630296182655,
          0.5606351274724686,
          0.5980329072869299,
          0.533379480739085,
          0.49873469889544975,
          0.596449977827497,
          0.5959720019150527,
          0.5674779498798639,
          0.13614278189317375,
          0.4868518607842116,
          0.5732745507085051,
          0.6767654676495285,
          0.5720879331686728,
          0.9107867544950023,
          1.3093620669199373,
          0.6367310262517094,
          0.5475531403159772,
          0.9421650123037484,
          1.2659887081365797,
          0.5082448031348878,
          0.5415525324190273,
          0.494788801386159,
          0.4661167713853427,
          0.5674943968207184,
          0.13659881348974867,
          0.4868518607842116,
          0.5732748606182394,
          0.5273207140721796,
          0.5272049876794025,
          0.6367310262517094,
          0.5475566208407008,
          0.9421650123037484,
          1.2659887081365797,
          1.3285617288152505,
          1.2662728424606424,
          1.2500043393074387,
          0.6767654676495285,
          0.569738370383635,
          0.9107867544950023,
          1.3093654110299182,
          0.6367286480495054,
          0.5464128890294555,
          0.9421676738814782,
          1.2659887081365797,
          3.2150062947428646,
          3.206677227873151,
          0.5606352724943324,
          0.5969138448714277,
          0.533379480739085,
          0.49873469889544975,
          0.508245330630837,
          0.5422672038166816,
          0.49478754453000917,
          0.4661186315515842,
          1.3272465646115563,
          1.2718378954917071,
          1.2423951642245399,
          0.5674869050985949,
          0.13614634679425386,
          0.4868518607842116,
          0.5732748606182394,
          0.6767654676495285,
          0.5720879331686728,
          0.9107867544950023,
          1.3093630296182655,
          0.6367310262517094,
          0.5475531403159772,
          0.9421650123037484,
          1.2659887081365797,
          0.5964377472845799,
          0.5273128042293092,
          3.205816972664914,
          0.5009640733824119,
          0.5964317073770928
        ]
      },
      "random_forest_selection": {
        "selected_features": [
          "recovery_pattern_score_div_stress_release_efficiency",
          "wt_std_plus_recovery_pattern_score.1",
          "recovery_pattern_score_minus_stress_intensity",
          "wt_mean_minus_recovery_pattern_score.1",
          "stress_volatility_minus_recovery_pattern_score.1",
          "wt_mean_minus_recovery_pattern_score",
          "recovery_pattern_score_minus_stress_release_efficiency",
          "wt_std_plus_recovery_pattern_score",
          "stress_intensity_minus_recovery_pattern_score.1",
          "stress_release_efficiency_div_recovery_pattern_score.1",
          "stress_release_efficiency_minus_recovery_pattern_score.1",
          "wt_mean_plus_recovery_pattern_score",
          "wt_mean_plus_recovery_pattern_score.1",
          "recovery_pattern_score_plus_stress_intensity",
          "stress_intensity_plus_recovery_pattern_score.1",
          "recovery_pattern_score",
          "recovery_pattern_score.1",
          "recovery_pattern_score_x_recovery_pattern_score.1",
          "recovery_pattern_score_plus_recovery_pattern_score.1",
          "recovery_pattern_score_squared"
        ],
        "n_features": 20,
        "importance_scores": [
          1.4986313233791014e-06,
          1.6394213205307781e-06,
          1.673594265965628e-06,
          2.181369724873424e-06,
          2.983936344286425e-06,
          2.996186749608749e-06,
          3.1266910860253463e-06,
          3.664513096321711e-06,
          5.160426880059668e-06,
          5.8451137755136576e-06,
          8.315867977143179e-06,
          1.604649904491189e-05,
          1.7253467063463943e-05,
          1.8048172286262744e-05,
          3.108899558841902e-05,
          0.17626971159732693,
          0.187413296003863,
          0.19035348560977783,
          0.19753102506005615,
          0.24830358571734876
        ]
      }
    },
    "dimensionality_reduction_results": {
      "pca": {
        "transformed_features": "[[ 1.13213056e+02 -2.44780882e+01 -3.35621285e-01 ...  3.57503821e-01\n   7.59972525e-02  1.29613147e-01]\n [-3.48073703e+01  4.28229282e+00  8.41278337e+00 ...  8.49363431e-02\n  -6.03699618e-02  2.75011572e-01]\n [-4.58769977e+01  2.92986200e+00  2.40799231e-01 ...  5.92828956e-01\n   2.21218860e-01  2.39098393e-01]\n ...\n [ 1.21690275e+02 -1.40648385e+00 -2.54735129e+00 ... -8.37656753e-02\n  -8.68106360e-02 -4.74055171e-02]\n [ 1.33695580e+02 -9.12310757e+00 -5.11716260e+00 ... -1.75378957e-01\n  -2.53215727e-02 -3.04869583e-02]\n [ 1.36839769e+02 -7.97861776e+00 -1.86803049e+00 ... -1.10138822e-01\n  -2.25171255e-02 -2.32125301e-02]]",
        "n_components": 10,
        "explained_variance_ratio": [
          0.9876133937578889,
          0.009696291477179153,
          0.0021916899197290847,
          0.0002746914065991453,
          0.00011033828817949277,
          4.466425060514957e-05,
          3.323842339194132e-05,
          1.829205517414682e-05,
          1.0251409032894261e-05,
          2.3859652793464683e-06
        ],
        "cumulative_variance": [
          0.9876133937578889,
          0.997309685235068,
          0.9995013751547971,
          0.9997760665613963,
          0.9998864048495758,
          0.9999310691001809,
          0.9999643075235729,
          0.999982599578747,
          0.9999928509877799,
          0.9999952369530593
        ]
      },
      "autoencoder": {
        "transformed_features": "[[ 0.          0.         20.756649   ... 12.255172    0.\n  28.51568   ]\n [ 0.48931068  0.          4.168915   ...  2.6225524   0.\n   6.4325333 ]\n [ 0.7855426   0.          3.4339976  ...  2.3904865   0.\n   5.9040103 ]\n ...\n [ 0.          0.         21.656567   ... 12.248835    0.\n  27.921524  ]\n [ 0.          0.         22.92084    ... 13.06468     0.\n  29.864296  ]\n [ 0.          0.         23.363832   ... 13.375337    0.\n  30.531254  ]]",
        "encoding_dim": 10,
        "final_loss": 108.6876220703125
      }
    },
    "performance_evaluation": {
      "Ridge": {
        "original_features": {
          "n_features": 7,
          "r2": 0.9999999976576579,
          "rmse": 5.392636124159143e-06
        },
        "enhanced_features": {
          "n_features": 96,
          "r2": 0.9999996943727059,
          "rmse": 6.159876798171846e-05
        },
        "improvement": {
          "r2_improvement": -3.032849520412384e-07,
          "rmse_improvement": -5.620613185755932e-05,
          "relative_r2_improvement": -3.032849527516355e-07
        }
      },
      "RandomForest": {
        "original_features": {
          "n_features": 7,
          "r2": 0.9999965359587497,
          "rmse": 0.00020738029376449934
        },
        "enhanced_features": {
          "n_features": 96,
          "r2": 0.9999962393499995,
          "rmse": 0.0002160764399384746
        },
        "improvement": {
          "r2_improvement": -2.966087502276338e-07,
          "rmse_improvement": -8.696146173975254e-06,
          "relative_r2_improvement": -2.9660977769613894e-07
        }
      }
    }
  },
  "audit_conclusion": {
    "feature_expansion": "PASSED",
    "feature_diversity": "FAILED",
    "performance_improvement": "FAILED",
    "multicollinearity_control": "FAILED",
    "dimensionality_management": "PASSED"
  }
}