{
  "model_comparison": {
    "60s": {
      "LinearRegression": {
        "source_r2": [
          1.0
        ],
        "transfer_r2": [
          1.0
        ],
        "r2_drop": [
          0.0
        ]
      },
      "Ridge": {
        "source_r2": [
          0.9999552578944731
        ],
        "transfer_r2": [
          0.9996406227623217
        ],
        "r2_drop": [
          0.000314635132151464
        ]
      },
      "RandomForest": {
        "source_r2": [
          0.9999950748033991
        ],
        "transfer_r2": [
          0.9999946668482061
        ],
        "r2_drop": [
          4.079551929603298e-07
        ]
      },
      "PyTorch_NN": {
        "source_r2": [
          0.9285929874340653
        ],
        "transfer_r2": [
          0.42009017941768634
        ],
        "r2_drop": [
          0.5085028080163789
        ]
      }
    }
  },
  "window_size_impact": {
    "60s": {
      "source_r2": 0.9744171909006807,
      "transfers": {
        "CRWD": {
          "transfer_r2": 0.9459284019260005,
          "r2_drop": 0.028488788974680213,
          "data_shape": [
            1327,
            6
          ]
        },
        "SWELL": {
          "transfer_r2": 0.8728429435979458,
          "r2_drop": 0.1015742473027349,
          "data_shape": [
            6154,
            6
          ]
        }
      }
    },
    "300s": {
      "source_r2": 0.9801835796730808,
      "transfers": {
        "CRWD": {
          "transfer_r2": 0.2867172298650601,
          "r2_drop": 0.6934663498080207,
          "data_shape": [
            265,
            6
          ]
        },
        "SWELL": {
          "transfer_r2": 0.22476351317956889,
          "r2_drop": 0.7554200664935119,
          "data_shape": [
            1230,
            6
          ]
        }
      }
    }
  },
  "dataset_similarity": {
    "window_size_impact": {
      "60s": {
        "avg_r2_drop": 0.06503151813870756,
        "min_r2_drop": 0.028488788974680213,
        "max_r2_drop": 0.1015742473027349,
        "std_r2_drop": 0.03654272916402734
      },
      "300s": {
        "avg_r2_drop": 0.7244432081507663,
        "min_r2_drop": 0.6934663498080207,
        "max_r2_drop": 0.7554200664935119,
        "std_r2_drop": 0.030976858342745606
      }
    },
    "transfer_performance_by_dataset": {
      "CRWD": [
        {
          "window_size": "60s",
          "r2_drop": 0.028488788974680213,
          "transfer_r2": 0.9459284019260005
        },
        {
          "window_size": "300s",
          "r2_drop": 0.6934663498080207,
          "transfer_r2": 0.2867172298650601
        }
      ],
      "SWELL": [
        {
          "window_size": "60s",
          "r2_drop": 0.1015742473027349,
          "transfer_r2": 0.8728429435979458
        },
        {
          "window_size": "300s",
          "r2_drop": 0.7554200664935119,
          "transfer_r2": 0.22476351317956889
        }
      ]
    }
  },
  "data_leakage_detection": {
    "suspicious_models": [
      {
        "model": "LinearRegression",
        "window_size": "60s",
        "source_r2": 1.0,
        "transfer_r2": 1.0,
        "r2_drop": 0.0,
        "indicator": "R\u00b2\u63a5\u8fd11.0\uff0c\u53ef\u80fd\u5b58\u5728\u6570\u636e\u6cc4\u9732"
      },
      {
        "model": "Ridge",
        "window_size": "60s",
        "source_r2": 0.9999552578944731,
        "transfer_r2": 0.9996406227623217,
        "r2_drop": 0.000314635132151464,
        "indicator": "R\u00b2\u63a5\u8fd11.0\uff0c\u53ef\u80fd\u5b58\u5728\u6570\u636e\u6cc4\u9732"
      },
      {
        "model": "RandomForest",
        "window_size": "60s",
        "source_r2": 0.9999950748033991,
        "transfer_r2": 0.9999946668482061,
        "r2_drop": 4.079551929603298e-07,
        "indicator": "R\u00b2\u63a5\u8fd11.0\uff0c\u53ef\u80fd\u5b58\u5728\u6570\u636e\u6cc4\u9732"
      }
    ],
    "normal_models": [
      {
        "model": "PyTorch_NN",
        "window_size": "60s",
        "source_r2": 0.9285929874340653,
        "transfer_r2": 0.42009017941768634,
        "r2_drop": 0.5085028080163789
      }
    ],
    "leakage_indicators": {}
  }
}