{
  "processing_timestamp": "2025-10-05T16:51:15.988431",
  "datasets_processed": 1,
  "window_sizes": [
    60,
    300,
    900
  ],
  "cluster_range": [
    2,
    3,
    4,
    5,
    6,
    7,
    8,
    9,
    10
  ],
  "bootstrap_samples": 100,
  "device_used": "cuda",
  "n_threads": 8,
  "results_summary": {
    "WESAD": {
      "dataset_name": "WESAD",
      "processing_timestamp": "2025-10-05T16:51:14.042551",
      "original_data_shape": [
        6844593,
        9
      ],
      "window_results": {},
      "clustering_results": {}
    }
  }
}